key,size,etag,uploaded,duplicateOf,reason
"published/folder_0f4831837b53cec8cdfe52d7/asset_000dba4b1e83f8b07cf2bec6.png","562485","12b909aa138150e9c8cf1407ef628fa9","2026-03-21T14:08:14.914Z","published/folder_e58ec71fdf0b1339c9c7fe55/asset_bd7ddb1a46d5b5d7342e3de3.png","not_referenced|published_prefix|older_than_30d|etag_size_duplicate"
"published/folder_0f4831837b53cec8cdfe52d7/asset_00152145f48a936024410146.png","3034335","1a1e3ad93243734efdc4f63be2b5b4c8","2026-03-21T13:51:30.120Z","published/folder_e58ec71fdf0b1339c9c7fe55/asset_b9d98381f8917ae15648b318.png","not_referenced|published_prefix|older_than_30d|etag_size_duplicate"
"published/folder_0f4831837b53cec8cdfe52d7/asset_00b5de3708537e20d5ac1c2d.png","660755","32e4ca56335b9400ead200d9fa4afa60","2026-03-21T14:10:29.031Z","published/folder_e58ec71fdf0b1339c9c7fe55/asset_4a6fc795502f26f453246dde.png","not_referenced|published_prefix|older_than_30d|etag_size_duplicate"
"published/folder_0f4831837b53cec8cdfe52d7/asset_00b80672378206ddc09cbece.png","455164","84bb3ddc6900970fa9f9760cd92542d0","2026-03-21T14:16:16.246Z","published/folder_e58ec71fdf0b1339c9c7fe55/asset_3f15c64baab4a3b98bca2b19.png","not_referenced|published_prefix|older_than_30d|etag_size_duplicate"
"published/folder_0f4831837b53cec8cdfe52d7/asset_00c2a60c591b817e4ef1cc37.png","397240","60698b5ea331480ba8bd5a980e2992b2","2026-03-21T14:29:48.118Z","published/folder_e58ec71fdf0b1339c9c7fe55/asset_79527655c18a960e35a3ffed.png","not_referenced|published_prefix|older_than_30d|etag_size_duplicate"
"published/folder_0f4831837b53cec8cdfe52d7/asset_01175fff7130d776286784f0.png","976075","37310e1021202a992ee0bbfed339078d","2026-03-21T14:29:09.775Z","published/folder_e58ec71fdf0b1339c9c7fe55/asset_96a292138afb869d37a26bd7.png","not_referenced|published_prefix|older_than_30d|etag_size_duplicate"
"published/folder_0f4831837b53cec8cdfe52d7/asset_014eb824cb5f0f4ea3ad67a2.png","900042","533c918a2cbb4708259e9cd6d23efa30","2026-03-21T14:21:27.193Z","published/folder_e58ec71fdf0b1339c9c7fe55/asset_51a8d76b06cd2e80c09327cc.png","not_referenced|published_prefix|older_than_30d|etag_size_duplicate"
"published/folder_0f4831837b53cec8cdfe52d7/asset_01f31fe7c5d03bff29777a3c.png","877468","2b690b521a007e63b4b074b062941a75","2026-03-21T13:53:14.917Z","published/folder_e58ec71fdf0b1339c9c7fe55/asset_6133db970d0eb898d8abfd80.png","not_referenced|published_prefix|older_than_30d|etag_size_duplicate"
"published/folder_0f4831837b53cec8cdfe52d7/asset_02408d1f63e9fd0e09a652dd.png","521445","5337c3aca45ba3c727901ec9c73fead4","2026-03-21T14:26:41.179Z","published/folder_e58ec71fdf0b1339c9c7fe55/asset_d25edf1424c1bbad94980565.png","not_referenced|published_prefix|older_than_30d|etag_size_duplicate"
"published/folder_0f4831837b53cec8cdfe52d7/asset_0271d52bbf5f25ecea2abe97.png","355109","b6c94581f2b8297ba55b49dc30e29a9a","2026-03-21T14:40:53.425Z","published/folder_e58ec71fdf0b1339c9c7fe55/asset_beef0c73001a2848a3452233.png","not_referenced|published_prefix|older_than_30d|etag_size_duplicate"
"published/folder_0f4831837b53cec8cdfe52d7/asset_0335eb892c55edd5f18a7d2a.png","386692","7b28dcabb2801f8595d63fdbd6c02232","2026-03-21T14:03:21.150Z","published/folder_e58ec71fdf0b1339c9c7fe55/asset_6855adab59fea5fcd1433122.png","not_referenced|published_prefix|older_than_30d|etag_size_duplicate"
"published/folder_0f4831837b53cec8cdfe52d7/asset_034bc70ff6129d326648dfe7.png","281204","c7fb37f4c8e2da8fd411a8a18e1f743f","2026-03-21T14:44:45.399Z","published/folder_e58ec71fdf0b1339c9c7fe55/asset_15f3ae228056c5949462be09.png","not_referenced|published_prefix|older_than_30d|etag_size_duplicate"
"published/folder_0f4831837b53cec8cdfe52d7/asset_0351843cd3c9dfe1a963d38e.jpg","63908","e305572b1d48d38367d75577558d966f","2026-03-21T14:12:41.347Z","published/folder_e58ec71fdf0b1339c9c7fe55/asset_796688a06bc62896e002ef64.jpg","not_referenced|published_prefix|older_than_30d|etag_size_duplicate"
"published/folder_0f4831837b53cec8cdfe52d7/asset_03d3d229be0e5ab50b810a4f.png","288840","be0e73fd09658a6ef1fd63ddf5757067","2026-03-21T14:42:58.874Z","published/folder_e58ec71fdf0b1339c9c7fe55/asset_d68930551d893c3f43f2b644.png","not_referenced|published_prefix|older_than_30d|etag_size_duplicate"
"published/folder_0f4831837b53cec8cdfe52d7/asset_04683e6912340fc82259bf39.png","386911","1371383fbbb4ed07a71c9d2ff9fd0f7f","2026-03-21T14:33:36.240Z","published/folder_e58ec71fdf0b1339c9c7fe55/asset_746db960897179ba78da71db.png","not_referenced|published_prefix|older_than_30d|etag_size_duplicate"
"published/folder_0f4831837b53cec8cdfe52d7/asset_04bee2c8a50e6103b1c271b9.png","132820","ad723875ffd5095a9d570037062c871c","2026-03-21T14:39:25.601Z","published/folder_e58ec71fdf0b1339c9c7fe55/asset_81dbca9e39ce8bb995a99101.png","not_referenced|published_prefix|older_than_30d|etag_size_duplicate"
"published/folder_0f4831837b53cec8cdfe52d7/asset_05adb5566eb446051ca20fb1.png","711761","35f356903dda65798ba672ca66cb6920","2026-03-21T14:10:56.978Z","published/folder_e58ec71fdf0b1339c9c7fe55/asset_8b96162b3547152253637dde.png","not_referenced|published_prefix|older_than_30d|etag_size_duplicate"
"published/folder_0f4831837b53cec8cdfe52d7/asset_05d8dce72f330994d2908d54.png","982961","86839f755c3b9bb1210589a02e418db4","2026-03-21T14:31:02.451Z","published/folder_e58ec71fdf0b1339c9c7fe55/asset_2b02096cdbf60456a9cc5c94.png","not_referenced|published_prefix|older_than_30d|etag_size_duplicate"
"published/folder_0f4831837b53cec8cdfe52d7/asset_077a0f6a4d89c678fa5a6df4.png","280744","add9caa83fd54a632ebea50b6a06f58e","2026-03-21T14:39:32.175Z","published/folder_e58ec71fdf0b1339c9c7fe55/asset_193276e7daf3bacb5533d68e.png","not_referenced|published_prefix|older_than_30d|etag_size_duplicate"
"published/folder_0f4831837b53cec8cdfe52d7/asset_07dab749dae68aee911ec8c5.png","460739","1c576c403bc76277d0d9f583652f3290","2026-03-21T13:51:58.318Z","published/folder_e58ec71fdf0b1339c9c7fe55/asset_03c46b7e79f58624049dd78e.png","not_referenced|published_prefix|older_than_30d|etag_size_duplicate"
"published/folder_0f4831837b53cec8cdfe52d7/asset_084aefdffa9db702a90fdbf1.png","357974","129e3e9ba9d1ca202fe1bc1569dc5011","2026-03-21T14:19:14.720Z","published/folder_e58ec71fdf0b1339c9c7fe55/asset_87d4151b7325fda9244ae69b.png","not_referenced|published_prefix|older_than_30d|etag_size_duplicate"
"published/folder_0f4831837b53cec8cdfe52d7/asset_090be6290c10636a877dd675.png","889332","5fc1f40ae106a23634a20fab618c7acc","2026-03-21T14:01:12.810Z","published/folder_e58ec71fdf0b1339c9c7fe55/asset_bb85bdfd0bb241ff39db6de7.png","not_referenced|published_prefix|older_than_30d|etag_size_duplicate"
"published/folder_0f4831837b53cec8cdfe52d7/asset_096f501e27adf70e9acf81fb.png","663909","b9f22d71b152dddfc887a92d84e51d19","2026-03-21T14:41:14.936Z","published/folder_e58ec71fdf0b1339c9c7fe55/asset_21a93c4781279ebee1c23904.png","not_referenced|published_prefix|older_than_30d|etag_size_duplicate"
"published/folder_0f4831837b53cec8cdfe52d7/asset_0999a06a267bd2927ac6976f.png","270345","760a23c6764f2dc44d4b4276bc599684","2026-03-21T14:23:31.332Z","published/folder_e58ec71fdf0b1339c9c7fe55/asset_957a615a17a0c557c2091f78.png","not_referenced|published_prefix|older_than_30d|etag_size_duplicate"
"published/folder_0f4831837b53cec8cdfe52d7/asset_09e7461a3167df6499c7461b.png","1840208","24841694cb68753003b33c881621606d","2026-03-21T14:34:17.371Z","published/folder_e58ec71fdf0b1339c9c7fe55/asset_7a88345ec4c611d6f7b3cb13.png","not_referenced|published_prefix|older_than_30d|etag_size_duplicate"
"published/folder_0f4831837b53cec8cdfe52d7/asset_0a456f43d419c512ea6f7c6d.png","890806","03b41deb8f91a4483a2be31f093bd451","2026-03-21T13:55:31.362Z","published/folder_e58ec71fdf0b1339c9c7fe55/asset_2ff1e8ab2ebc0be2b23a21f3.png","not_referenced|published_prefix|older_than_30d|etag_size_duplicate"
"published/folder_0f4831837b53cec8cdfe52d7/asset_0a73a7d190e9111359633f98.png","14041","4525b532e35e7424b3c4722dff73fca6","2026-03-21T14:26:31.724Z","published/folder_e58ec71fdf0b1339c9c7fe55/asset_c22ee87a8ae1883a2eae9e3e.png","not_referenced|published_prefix|older_than_30d|etag_size_duplicate"
"published/folder_0f4831837b53cec8cdfe52d7/asset_0a9618d10500246d75277f97.png","47794","91d8b8f642fba7d6e8eab295c5e93ba0","2026-03-21T14:17:06.412Z","published/folder_e58ec71fdf0b1339c9c7fe55/asset_358be15d384f2d35772306dc.png","not_referenced|published_prefix|older_than_30d|etag_size_duplicate"
"published/folder_0f4831837b53cec8cdfe52d7/asset_0ac9d9899bb96eb8abdadee2.png","1134015","3e07b45ae5bfc0b0565fc14ded97114a","2026-03-21T13:56:38.207Z","published/folder_e58ec71fdf0b1339c9c7fe55/asset_6426040ec38174944f243dec.png","not_referenced|published_prefix|older_than_30d|etag_size_duplicate"
"published/folder_0f4831837b53cec8cdfe52d7/asset_0afe13986226b7cefc34e602.png","837759","30ca16c8fdfe99f40e67ff20b0b9fb64","2026-03-21T14:10:08.087Z","published/folder_e58ec71fdf0b1339c9c7fe55/asset_f5687d17f9e80404445467b3.png","not_referenced|published_prefix|older_than_30d|etag_size_duplicate"
"published/folder_0f4831837b53cec8cdfe52d7/asset_0b59db34cc381ee4da03e208.png","279315","2fa5336b76d06c7a79f08d3237a4c914","2026-03-21T13:54:59.250Z","published/folder_e58ec71fdf0b1339c9c7fe55/asset_6614286ebfed1f59aba30d64.png","not_referenced|published_prefix|older_than_30d|etag_size_duplicate"
"published/folder_0f4831837b53cec8cdfe52d7/asset_0cb04c6b1c3c6a1ed402a09f.png","688032","3da40382d92109197735db797eb734d1","2026-03-21T13:56:06.578Z","published/folder_e58ec71fdf0b1339c9c7fe55/asset_fec675e9c5c74e1a3b525a92.png","not_referenced|published_prefix|older_than_30d|etag_size_duplicate"
"published/folder_0f4831837b53cec8cdfe52d7/asset_0cdaab516b5458ca1407152d.png","437430","19ea6570854f8075bf742bcbe6c9ccae","2026-03-21T14:09:06.342Z","published/folder_e58ec71fdf0b1339c9c7fe55/asset_e953e81e10ac355ca6910827.png","not_referenced|published_prefix|older_than_30d|etag_size_duplicate"
"published/folder_0f4831837b53cec8cdfe52d7/asset_0d840e7fa6d9e9f138d32e50.png","1832688","c9a7f36e657b762ee0deed212034b295","2026-03-21T14:44:58.951Z","published/folder_e58ec71fdf0b1339c9c7fe55/asset_3e818c4acc5e65678a339c7b.png","not_referenced|published_prefix|older_than_30d|etag_size_duplicate"
"published/folder_0f4831837b53cec8cdfe52d7/asset_0db832c2d237292bc3ef2064.png","808023","1c5a818d1182b4c7dead205f9b5d6ef9","2026-03-21T13:51:45.797Z","published/folder_e58ec71fdf0b1339c9c7fe55/asset_834db6dc4db2e038cb4772f7.png","not_referenced|published_prefix|older_than_30d|etag_size_duplicate"
"published/folder_0f4831837b53cec8cdfe52d7/asset_0de319205d650cc4469824b0.png","544979","2eaf9bd658c2053eabc788177d30d22a","2026-03-21T13:54:33.065Z","published/folder_e58ec71fdf0b1339c9c7fe55/asset_71a35d39f697096af545a1fd.png","not_referenced|published_prefix|older_than_30d|etag_size_duplicate"
"published/folder_0f4831837b53cec8cdfe52d7/asset_0e280189ae2e04884f2b36c0.png","164683","2b963cde6aabeaa3a1a89e59f59b864e","2026-03-21T13:53:19.063Z","published/folder_e58ec71fdf0b1339c9c7fe55/asset_0a1415439a36bb7e8f897649.png","not_referenced|published_prefix|older_than_30d|etag_size_duplicate"
"published/folder_0f4831837b53cec8cdfe52d7/asset_0f3f4ea85d2fc01ded7af4e6.png","310886","6df92befd8e6681e4cdbe2b1114aacac","2026-03-21T14:02:20.267Z","published/folder_e58ec71fdf0b1339c9c7fe55/asset_81bccb7bcbb4ec9a70811cca.png","not_referenced|published_prefix|older_than_30d|etag_size_duplicate"
"published/folder_0f4831837b53cec8cdfe52d7/asset_0f9520c0f855fa1f77563bfa.png","69955","80879f2b76f4c5a9a3ec3e083e891a8e","2026-03-21T14:30:52.152Z","published/folder_e58ec71fdf0b1339c9c7fe55/asset_2a1f2df110a4f9ce0415558d.png","not_referenced|published_prefix|older_than_30d|etag_size_duplicate"
"published/folder_0f4831837b53cec8cdfe52d7/asset_0f9617a896427247862613c0.png","1660282","4332ba3b8580a2586c97951a80d4a986","2026-03-21T14:26:24.845Z","published/folder_e58ec71fdf0b1339c9c7fe55/asset_0057336b647a00e60066d10c.png","not_referenced|published_prefix|older_than_30d|etag_size_duplicate"
"published/folder_0f4831837b53cec8cdfe52d7/asset_0fbb2b0fcc0e4a18bd69d751.png","938989","87f451745ac74f02b9bf8564ebebe25a","2026-03-21T14:16:52.465Z","published/folder_e58ec71fdf0b1339c9c7fe55/asset_e98791dd6b587bb987e43e75.png","not_referenced|published_prefix|older_than_30d|etag_size_duplicate"
"published/folder_0f4831837b53cec8cdfe52d7/asset_102efe198fff281a7822e0a6.png","579073","63a22bf0e344dbefbcb40f766dfa4e66","2026-03-21T14:13:44.266Z","published/folder_e58ec71fdf0b1339c9c7fe55/asset_e992428935aeffd400ed9cc4.png","not_referenced|published_prefix|older_than_30d|etag_size_duplicate"
"published/folder_0f4831837b53cec8cdfe52d7/asset_1060822b6606f120bc98d0a6.png","44471","732486afd50a74ab36fa807fb0937f22","2026-03-21T14:32:45.695Z","published/folder_e58ec71fdf0b1339c9c7fe55/asset_f3a774a4313e5349e54e6a3b.png","not_referenced|published_prefix|older_than_30d|etag_size_duplicate"
"published/folder_0f4831837b53cec8cdfe52d7/asset_108c377867ee589d41c668ee.png","171416","25d525a506d3a551ed3bb005c32881b7","2026-03-21T14:09:38.947Z","published/folder_e58ec71fdf0b1339c9c7fe55/asset_6ff34456d3c33019e2618942.png","not_referenced|published_prefix|older_than_30d|etag_size_duplicate"
"published/folder_0f4831837b53cec8cdfe52d7/asset_109327ee93f96a7bf0776f12.png","495196","a64508ff735ac41b1b2e4e30125d4295","2026-03-21T14:38:12.536Z","published/folder_e58ec71fdf0b1339c9c7fe55/asset_167647c905923bd0e9751814.png","not_referenced|published_prefix|older_than_30d|etag_size_duplicate"
"published/folder_0f4831837b53cec8cdfe52d7/asset_109960e22c50211914826ef0.png","310840","200d36d0e4c5d3ce0a3a7e51250422b7","2026-03-21T14:19:39.270Z","published/folder_e58ec71fdf0b1339c9c7fe55/asset_1209f763104598109fb3a397.png","not_referenced|published_prefix|older_than_30d|etag_size_duplicate"
"published/folder_0f4831837b53cec8cdfe52d7/asset_10eb4ecacbac49caef3879d8.png","976290","71ee9c06ff3b5039831e5f064f25f4dd","2026-03-21T14:15:13.769Z","published/folder_e58ec71fdf0b1339c9c7fe55/asset_a115bca2af727c383e31f72e.png","not_referenced|published_prefix|older_than_30d|etag_size_duplicate"
"published/folder_0f4831837b53cec8cdfe52d7/asset_110975d5c3e857474488d3b5.png","98769","687ef6d9b806bab95ba56685bd9c405b","2026-03-21T14:23:01.592Z","published/folder_e58ec71fdf0b1339c9c7fe55/asset_69873df87fe282845b06fc50.png","not_referenced|published_prefix|older_than_30d|etag_size_duplicate"
"published/folder_0f4831837b53cec8cdfe52d7/asset_1169621d79d01ab3c7ddc176.png","90616","2f08fe67b64f48703099a506fc307868","2026-03-21T13:54:47.439Z","published/folder_e58ec71fdf0b1339c9c7fe55/asset_c218a9f838941543c6e05461.png","not_referenced|published_prefix|older_than_30d|etag_size_duplicate"
"published/folder_0f4831837b53cec8cdfe52d7/asset_119fef07cea8a38f4549915a.png","1762317","71762470eef24c3d00b3227602b939ce","2026-03-21T14:34:46.226Z","published/folder_e58ec71fdf0b1339c9c7fe55/asset_844c4067890244596f51e2b0.png","not_referenced|published_prefix|older_than_30d|etag_size_duplicate"
"published/folder_0f4831837b53cec8cdfe52d7/asset_11ad3f63b235a6fb6768bbed.png","342472","131d7906fca6dbec4d6bc58b9b78c033","2026-03-21T14:19:24.147Z","published/folder_e58ec71fdf0b1339c9c7fe55/asset_edba3fb790436b6612287911.png","not_referenced|published_prefix|older_than_30d|etag_size_duplicate"
"published/folder_0f4831837b53cec8cdfe52d7/asset_11cccf84449dbb66199172c1.png","326152","6e73bc8eebefc80b2d722fa76f6870cc","2026-03-21T14:02:39.806Z","published/folder_e58ec71fdf0b1339c9c7fe55/asset_43b4c5084b6b6fdb55671949.png","not_referenced|published_prefix|older_than_30d|etag_size_duplicate"
"published/folder_0f4831837b53cec8cdfe52d7/asset_1218ee392705d0f91a8a820d.png","2874717","588b2ba4c56f445ddd8cb14d3d061ddd","2026-03-21T14:22:04.412Z","published/folder_e58ec71fdf0b1339c9c7fe55/asset_1b9c44d6d8d47a0229aa816a.png","not_referenced|published_prefix|older_than_30d|etag_size_duplicate"
"published/folder_0f4831837b53cec8cdfe52d7/asset_1303eb850284681d6a227007.png","634416","704aa1652c1475cb537f1ba749189e32","2026-03-21T14:23:06.710Z","published/folder_e58ec71fdf0b1339c9c7fe55/asset_ab7f2d0968c5b17cf5e58d90.png","not_referenced|published_prefix|older_than_30d|etag_size_duplicate"
"published/folder_0f4831837b53cec8cdfe52d7/asset_130939023111622fd64e189f.png","270385","2475f2f774f7f8208e1848b7d451c4c3","2026-03-21T14:25:59.352Z","published/folder_e58ec71fdf0b1339c9c7fe55/asset_8b117f806e81a83691610f6c.png","not_referenced|published_prefix|older_than_30d|etag_size_duplicate"
"published/folder_0f4831837b53cec8cdfe52d7/asset_133f8ef7d7dfb650d4d21821.png","506627","190b21bbb36b42a0ef3654686fb05b2e","2026-03-21T14:19:29.957Z","published/folder_e58ec71fdf0b1339c9c7fe55/asset_a5283d115cdbc4229531d282.png","not_referenced|published_prefix|older_than_30d|etag_size_duplicate"
"published/folder_0f4831837b53cec8cdfe52d7/asset_148ee7c7c6f5ed6dbff2c025.png","300718","a23ef6af14f373cc892159d05da5f533","2026-03-21T14:37:27.043Z","published/folder_e58ec71fdf0b1339c9c7fe55/asset_12ad320bd8912a6483e5303f.png","not_referenced|published_prefix|older_than_30d|etag_size_duplicate"
"published/folder_0f4831837b53cec8cdfe52d7/asset_14aaf7a11377bbb5df6718b3.png","602541","c60a0e4a68bb3d949dc81eaffb35a881","2026-03-21T14:45:34.923Z","published/folder_e58ec71fdf0b1339c9c7fe55/asset_9b61b216f4aa17bb12677041.png","not_referenced|published_prefix|older_than_30d|etag_size_duplicate"
"published/folder_0f4831837b53cec8cdfe52d7/asset_14c4b431248ad9a51b70960e.png","460572","98fa379c7bdc9f8d911d30af450b57b4","2026-03-21T14:18:58.341Z","published/folder_e58ec71fdf0b1339c9c7fe55/asset_a2cc116c34621845c30c26b1.png","not_referenced|published_prefix|older_than_30d|etag_size_duplicate"
"published/folder_0f4831837b53cec8cdfe52d7/asset_152468befa45baae2111ba73.png","939963","78c785581e072be5e9d72ecd0cc42b33","2026-03-21T14:15:48.840Z","published/folder_e58ec71fdf0b1339c9c7fe55/asset_e120830f7e1407a0013c9356.png","not_referenced|published_prefix|older_than_30d|etag_size_duplicate"
"published/folder_0f4831837b53cec8cdfe52d7/asset_1651882edc81a42763e8419f.png","842252","053b934d1845a0658245d1fc07aa962c","2026-03-21T14:12:21.829Z","published/folder_e58ec71fdf0b1339c9c7fe55/asset_f441ff1bb2b23115363b1fc3.png","not_referenced|published_prefix|older_than_30d|etag_size_duplicate"
"published/folder_0f4831837b53cec8cdfe52d7/asset_175cc9417c2883b2e6ed465d.png","650881","3ddfc6d4bf3f4ae1708f40726eb2e2dd","2026-03-21T13:56:18.170Z","published/folder_e58ec71fdf0b1339c9c7fe55/asset_68c06be92e96c63cc0b2fb6e.png","not_referenced|published_prefix|older_than_30d|etag_size_duplicate"
"published/folder_0f4831837b53cec8cdfe52d7/asset_1802bbd51551437104e0b4d5.png","14030","0006933ffb8da9c8ff9389230f5ad2f7","2026-03-21T14:36:38.118Z","published/folder_e58ec71fdf0b1339c9c7fe55/asset_ee9f07053f2f4f6505880a11.png","not_referenced|published_prefix|older_than_30d|etag_size_duplicate"
"published/folder_0f4831837b53cec8cdfe52d7/asset_18a36c98b9078f9831289e42.png","321093","17bb59b7f91919f39bba7a65fd05b1ce","2026-03-21T14:08:42.002Z","published/folder_e58ec71fdf0b1339c9c7fe55/asset_0717160828638b841ce5484d.png","not_referenced|published_prefix|older_than_30d|etag_size_duplicate"
"published/folder_0f4831837b53cec8cdfe52d7/asset_18c786e4c6b1d9d8be3b8476.png","83437","7515d351a34106942d6d6b5775e9422e","2026-03-21T14:27:15.279Z","published/folder_e58ec71fdf0b1339c9c7fe55/asset_55adceca9cfd338b225f7aeb.png","not_referenced|published_prefix|older_than_30d|etag_size_duplicate"
"published/folder_0f4831837b53cec8cdfe52d7/asset_198fe0c308c0e3896ea86a89.png","1840780","617f9770e0f0f1bd3c6c9bb297121959","2026-03-21T14:22:20.893Z","published/folder_e58ec71fdf0b1339c9c7fe55/asset_89cf6740fb0bb99b264716e7.png","not_referenced|published_prefix|older_than_30d|etag_size_duplicate"
"published/folder_0f4831837b53cec8cdfe52d7/asset_1a4bb32bb48c4bbf5d93ac13.png","86559","9b07d824836fb101729334ce9730a6ca","2026-03-21T14:07:03.545Z","published/folder_e58ec71fdf0b1339c9c7fe55/asset_03e12fa4944990d3b783b68b.png","not_referenced|published_prefix|older_than_30d|etag_size_duplicate"
"published/folder_0f4831837b53cec8cdfe52d7/asset_1a6356f20b18ce39c49ebab7.png","220411","a287f546ff2b59bab7e984075258b7a7","2026-03-21T14:37:43.284Z","published/folder_e58ec71fdf0b1339c9c7fe55/asset_9c0ec562130945dfdd0c868d.png","not_referenced|published_prefix|older_than_30d|etag_size_duplicate"
"published/folder_0f4831837b53cec8cdfe52d7/asset_1aeba1dae660a56a727dbc08.png","159979","abc3588c9c0c36710069aaaf4adb6d6d","2026-03-21T14:38:56.265Z","published/folder_e58ec71fdf0b1339c9c7fe55/asset_f3bb4a106a43f302be96814c.png","not_referenced|published_prefix|older_than_30d|etag_size_duplicate"
"published/folder_0f4831837b53cec8cdfe52d7/asset_1af6d711bde4fe87fa079c76.png","756465","17c79729da367ac9ff08ce30ead1aa06","2026-03-21T14:08:47.637Z","published/folder_e58ec71fdf0b1339c9c7fe55/asset_942c05abbaa90499ec2bfc07.png","not_referenced|published_prefix|older_than_30d|etag_size_duplicate"
"published/folder_0f4831837b53cec8cdfe52d7/asset_1b1ee2e94ae0e94ede3e8f65.png","482163","3fde0d8db7b43642cdfa8c6fb37c9ca2","2026-03-21T13:58:23.392Z","published/folder_e58ec71fdf0b1339c9c7fe55/asset_523c067ccc23703d5c98edae.png","not_referenced|published_prefix|older_than_30d|etag_size_duplicate"
"published/folder_0f4831837b53cec8cdfe52d7/asset_1b59d67d526bbd13b56c6c1c.png","507136","43cf6f9f1598f8e1b4261476847df611","2026-03-21T14:11:26.207Z","published/folder_e58ec71fdf0b1339c9c7fe55/asset_201966de0b65d63d298d46ef.png","not_referenced|published_prefix|older_than_30d|etag_size_duplicate"
"published/folder_0f4831837b53cec8cdfe52d7/asset_1c2a37e4eadf19dfbd18c6a9.png","476568","aeb7d6b2f356be7bf9e470ca06898cde","2026-03-21T14:39:54.137Z","published/folder_e58ec71fdf0b1339c9c7fe55/asset_c6b09d02fcca5b20df8e0a9c.png","not_referenced|published_prefix|older_than_30d|etag_size_duplicate"
"published/folder_0f4831837b53cec8cdfe52d7/asset_1d10a22a4f5b67d7b2de7bcb.png","2536207","851225c2843135e67d9381a87505f58f","2026-03-21T14:33:12.513Z","published/folder_e58ec71fdf0b1339c9c7fe55/asset_85fed2a7951bcf8e1488264a.png","not_referenced|published_prefix|older_than_30d|etag_size_duplicate"
"published/folder_0f4831837b53cec8cdfe52d7/asset_1e21e9956ca4e1a29ea6946a.png","540245","c15ac02dcfe8ae6ec8b6c56c6e61e289","2026-03-21T14:45:17.558Z","published/folder_e58ec71fdf0b1339c9c7fe55/asset_9ac993926f15c4ec9670115d.png","not_referenced|published_prefix|older_than_30d|etag_size_duplicate"
"published/folder_0f4831837b53cec8cdfe52d7/asset_1ebb5421f3098f7042bff341.png","1023567","6d862c4a36e24ebb6f0d38eeb722a152","2026-03-21T14:02:14.248Z","published/folder_e58ec71fdf0b1339c9c7fe55/asset_45d1e6c8ef693d40fcdc4f4f.png","not_referenced|published_prefix|older_than_30d|etag_size_duplicate"
"published/folder_0f4831837b53cec8cdfe52d7/asset_1ec1e83c4bf75f39ffa8cee5.png","241401","0ca22e34e5087004daded3f2b35b62a2","2026-03-21T13:50:32.594Z","published/folder_e58ec71fdf0b1339c9c7fe55/asset_895c80102aa9e85fe7dd50a1.png","not_referenced|published_prefix|older_than_30d|etag_size_duplicate"
"published/folder_0f4831837b53cec8cdfe52d7/asset_1f26f2e53366e9950f2c1d98.png","700542","20ce09c8656123d3c34172a9604de9d1","2026-03-21T14:09:14.683Z","published/folder_e58ec71fdf0b1339c9c7fe55/asset_d182c0a4e6d67732b18a3c71.png","not_referenced|published_prefix|older_than_30d|etag_size_duplicate"
"published/folder_0f4831837b53cec8cdfe52d7/asset_1fb0c912e01bf2166da0507f.png","227951","67302a63832d48d709bc0e08b984f7d8","2026-03-21T14:30:05.472Z","published/folder_e58ec71fdf0b1339c9c7fe55/asset_2944b45527cfa26697271fef.png","not_referenced|published_prefix|older_than_30d|etag_size_duplicate"
"published/folder_0f4831837b53cec8cdfe52d7/asset_2001a3f0bb93e64c30b3d77d.png","419439","7d8522fab0ceb844a43880329b804883","2026-03-21T14:04:26.583Z","published/folder_e58ec71fdf0b1339c9c7fe55/asset_eadb95a5b050bdf9997236e1.png","not_referenced|published_prefix|older_than_30d|etag_size_duplicate"
"published/folder_0f4831837b53cec8cdfe52d7/asset_202d7dce1c4733983fe55264.png","178626","8145ab5b034ecd4f407d1957b1f9408b","2026-03-21T14:27:35.337Z","published/folder_e58ec71fdf0b1339c9c7fe55/asset_efd53ae567d8f0c771625b24.png","not_referenced|published_prefix|older_than_30d|etag_size_duplicate"
"published/folder_0f4831837b53cec8cdfe52d7/asset_203b32716c448781f126a483.png","295321","92f164c32ef23702fe0f2e39e93e3e92","2026-03-21T14:17:16.539Z","published/folder_e58ec71fdf0b1339c9c7fe55/asset_1489095e6d041f12f9ffe7aa.png","not_referenced|published_prefix|older_than_30d|etag_size_duplicate"
"published/folder_0f4831837b53cec8cdfe52d7/asset_2068f809520727bbe06004c6.png","132050","68082e3af866094d736e464965ba3b56","2026-03-21T14:30:11.622Z","published/folder_e58ec71fdf0b1339c9c7fe55/asset_8a3434c6c9ffca65ec6cd1a1.png","not_referenced|published_prefix|older_than_30d|etag_size_duplicate"
"published/folder_0f4831837b53cec8cdfe52d7/asset_21190bc3b3a60b7caf8ee946.png","317665","80f4dfbf82d83892eaf18c6d393966ce","2026-03-21T14:15:53.343Z","published/folder_e58ec71fdf0b1339c9c7fe55/asset_db75b00907520d4d30cde98f.png","not_referenced|published_prefix|older_than_30d|etag_size_duplicate"
"published/folder_0f4831837b53cec8cdfe52d7/asset_2163a03e37c91b280611941b.png","431464","08f5e24eb287fc6a8f3354b88974ead8","2026-03-21T14:06:22.510Z","published/folder_e58ec71fdf0b1339c9c7fe55/asset_aca0185c77a98144869dcde6.png","not_referenced|published_prefix|older_than_30d|etag_size_duplicate"
"published/folder_0f4831837b53cec8cdfe52d7/asset_217e214fe15abe50ec77b096.png","481004","529cf639bbde709c588c20f4610ec225","2026-03-21T14:21:19.390Z","published/folder_e58ec71fdf0b1339c9c7fe55/asset_7bff00d30a4e799b22cec05d.png","not_referenced|published_prefix|older_than_30d|etag_size_duplicate"
"published/folder_0f4831837b53cec8cdfe52d7/asset_2264d07037c1378eb77a5047.png","667966","485dc9a8a056318023c542f13e0fa8eb","2026-03-21T14:20:56.294Z","published/folder_e58ec71fdf0b1339c9c7fe55/asset_2339f7dcdbe1f5d6f925a6f0.png","not_referenced|published_prefix|older_than_30d|etag_size_duplicate"
"published/folder_0f4831837b53cec8cdfe52d7/asset_22b0c1ed4a5a9349189338ba.png","315954","bd5058405d5b0c1e90e6fcfd529c65ac","2026-03-21T14:42:53.529Z","published/folder_e58ec71fdf0b1339c9c7fe55/asset_c8f3d2f0ec2227e5b448adaa.png","not_referenced|published_prefix|older_than_30d|etag_size_duplicate"
"published/folder_0f4831837b53cec8cdfe52d7/asset_22ca094ec665ec842c59cb57.png","1015996","4a6e10ac1cad5de4fc0191775be2fdd9","2026-03-21T13:58:33.292Z","published/folder_e58ec71fdf0b1339c9c7fe55/asset_67352ee5ef0fcf9ffd992481.png","not_referenced|published_prefix|older_than_30d|etag_size_duplicate"
"published/folder_0f4831837b53cec8cdfe52d7/asset_23701c4c6b065a13afbfcd56.png","1459596","7ce7aff77383c0b3d56916f106c6b2a2","2026-03-21T14:04:11.402Z","published/folder_e58ec71fdf0b1339c9c7fe55/asset_32f74e40fe76b2bc1f3e8904.png","not_referenced|published_prefix|older_than_30d|etag_size_duplicate"
"published/folder_0f4831837b53cec8cdfe52d7/asset_23ba86aae996a1e2cd1998bf.png","1027052","8760904165224396ceb499d80309da63","2026-03-21T14:36:28.940Z","published/folder_e58ec71fdf0b1339c9c7fe55/asset_e951579c350f67ddf6018620.png","not_referenced|published_prefix|older_than_30d|etag_size_duplicate"
"published/folder_0f4831837b53cec8cdfe52d7/asset_23d8263e58c54238812699b3.png","259806","67d5d95daf575342d401397acec8f548","2026-03-21T14:14:35.248Z","published/folder_e58ec71fdf0b1339c9c7fe55/asset_1bdb889aaff42ceb42d1a462.png","not_referenced|published_prefix|older_than_30d|etag_size_duplicate"
"published/folder_0f4831837b53cec8cdfe52d7/asset_24d0a415cbc312544a317517.png","909454","451ec9b4aebf37540a907903f7e4f89c","2026-03-21T14:20:45.686Z","published/folder_e58ec71fdf0b1339c9c7fe55/asset_3a328715f230a89d489030e7.png","not_referenced|published_prefix|older_than_30d|etag_size_duplicate"
"published/folder_0f4831837b53cec8cdfe52d7/asset_25336b9f392c80fe427f873b.png","507106","04cb5278c823c8c59c6fc35c0808ef3d","2026-03-21T13:59:11.329Z","published/folder_e58ec71fdf0b1339c9c7fe55/asset_d0393463ef37e421316b5358.png","not_referenced|published_prefix|older_than_30d|etag_size_duplicate"
"published/folder_0f4831837b53cec8cdfe52d7/asset_25b75baaafb561727895cab3.png","114306","42d7474e156ec86f659f0c57f9259d9f","2026-03-21T14:11:20.633Z","published/folder_e58ec71fdf0b1339c9c7fe55/asset_2142efddcd457a1f85639c42.png","not_referenced|published_prefix|older_than_30d|etag_size_duplicate"
"published/folder_0f4831837b53cec8cdfe52d7/asset_263eaee02610612117a00d3c.png","403729","8869a4b57aa76a667650336b28fef60e","2026-03-21T14:28:06.106Z","published/folder_e58ec71fdf0b1339c9c7fe55/asset_605ec2ac76dbf8c0ceaf138c.png","not_referenced|published_prefix|older_than_30d|etag_size_duplicate"
"published/folder_0f4831837b53cec8cdfe52d7/asset_2697964a36854eeb25473292.png","263226","a307f36e911718de24cf8c16c04fbc4a","2026-03-21T14:37:48.134Z","published/folder_e58ec71fdf0b1339c9c7fe55/asset_a2f7b2e13b72e8dfb9fb9f47.png","not_referenced|published_prefix|older_than_30d|etag_size_duplicate"
"published/folder_0f4831837b53cec8cdfe52d7/asset_270335e9154ab3118de6ef7c.png","801093","0980f282399813c670a0c2020f73831b","2026-03-21T14:25:15.748Z","published/folder_e58ec71fdf0b1339c9c7fe55/asset_ce0f93677ba7deccd2e1046b.png","not_referenced|published_prefix|older_than_30d|etag_size_duplicate"
"published/folder_0f4831837b53cec8cdfe52d7/asset_27db415d3533027271865704.png","836017","91fc519586d00f46d447a64297bd6772","2026-03-21T14:17:11.034Z","published/folder_e58ec71fdf0b1339c9c7fe55/asset_7056979a9fc841756e246ccf.png","not_referenced|published_prefix|older_than_30d|etag_size_duplicate"
"published/folder_0f4831837b53cec8cdfe52d7/asset_2824d6c91601f158b6a28b70.png","793765","7c5f13d9cd9f6f1dee8aebad105b3aa9","2026-03-21T14:03:42.537Z","published/folder_e58ec71fdf0b1339c9c7fe55/asset_6ad5d95524a50ba71a9e2174.png","not_referenced|published_prefix|older_than_30d|etag_size_duplicate"
"published/folder_0f4831837b53cec8cdfe52d7/asset_282df434fcc3b42e9346fb66.png","1095722","292931e8adb03387779201648cdf175c","2026-03-21T14:31:59.030Z","published/folder_e58ec71fdf0b1339c9c7fe55/asset_2e3caf5a8e9a77200b511b55.png","not_referenced|published_prefix|older_than_30d|etag_size_duplicate"
"published/folder_0f4831837b53cec8cdfe52d7/asset_28fec3e72011f6116d17ef6d.png","256772","5c66e738861729243353677efa54308f","2026-03-21T14:00:28.869Z","published/folder_e58ec71fdf0b1339c9c7fe55/asset_acf4d70859097b86887c3653.png","not_referenced|published_prefix|older_than_30d|etag_size_duplicate"
"published/folder_0f4831837b53cec8cdfe52d7/asset_2991e2ed4790e7fe31ebe8bf.png","215551","702945ecc265bd930729c298d3c4c700","2026-03-21T14:32:42.500Z","published/folder_e58ec71fdf0b1339c9c7fe55/asset_d6fec1b3327084c033327c02.png","not_referenced|published_prefix|older_than_30d|etag_size_duplicate"
"published/folder_0f4831837b53cec8cdfe52d7/asset_29dfe264cc0eba990bb0c76a.png","310108","209db041670b53be239be13194b36798","2026-03-21T14:19:47.793Z","published/folder_e58ec71fdf0b1339c9c7fe55/asset_3fd4bc54c059ec026570e5ee.png","not_referenced|published_prefix|older_than_30d|etag_size_duplicate"
"published/folder_0f4831837b53cec8cdfe52d7/asset_2a891bcb9202e010f2243438.png","226100","7b21ad4e23a12cb685938a2d3b5db330","2026-03-21T14:03:16.428Z","published/folder_e58ec71fdf0b1339c9c7fe55/asset_d0619b7a398b33a7bfed4190.png","not_referenced|published_prefix|older_than_30d|etag_size_duplicate"
"published/folder_0f4831837b53cec8cdfe52d7/asset_2b3f0dba468072be07a8fdb5.png","370749","85c74def6eacce669cf9abcaa2774e44","2026-03-21T14:16:25.307Z","published/folder_e58ec71fdf0b1339c9c7fe55/asset_a9f5af9c1032a24d006ef857.png","not_referenced|published_prefix|older_than_30d|etag_size_duplicate"
"published/folder_0f4831837b53cec8cdfe52d7/asset_2b49aa5d7782b4a66930f466.png","518485","8d4acb42ee8fd7185e413ee2049eaee7","2026-03-21T14:05:50.737Z","published/folder_e58ec71fdf0b1339c9c7fe55/asset_2a82444ea81ae6b2c3343c31.png","not_referenced|published_prefix|older_than_30d|etag_size_duplicate"
"published/folder_0f4831837b53cec8cdfe52d7/asset_2b95bf96e6462faf7a52ca15.png","365360","b2d7c5b277762dbe214b9e05fafb37cf","2026-03-21T14:40:38.046Z","published/folder_e58ec71fdf0b1339c9c7fe55/asset_2425befa411d4892504cd411.png","not_referenced|published_prefix|older_than_30d|etag_size_duplicate"
"published/folder_0f4831837b53cec8cdfe52d7/asset_2bdfd23a58e02f8d0847bf27.png","1040683","6aff386dba3a64ca73fef7b4fcb4137a","2026-03-21T14:01:50.741Z","published/folder_e58ec71fdf0b1339c9c7fe55/asset_ab53de381e13250b743b6142.png","not_referenced|published_prefix|older_than_30d|etag_size_duplicate"
"published/folder_0f4831837b53cec8cdfe52d7/asset_2c8cf6dc65cb83e562994531.png","216818","245d1c8d13bd1e1b88e9ba99fff821eb","2026-03-21T14:19:52.822Z","published/folder_e58ec71fdf0b1339c9c7fe55/asset_951d2ad20e26a4c7212b2ea4.png","not_referenced|published_prefix|older_than_30d|etag_size_duplicate"
"published/folder_0f4831837b53cec8cdfe52d7/asset_2c940966fb37a18e5a5d4e8c.png","21411","7aa848f16c4e32de253b6cffc16b79ee","2026-03-21T14:03:02.758Z","published/folder_e58ec71fdf0b1339c9c7fe55/asset_62dc06edb6a1f408752e7984.png","not_referenced|published_prefix|older_than_30d|etag_size_duplicate"
"published/folder_0f4831837b53cec8cdfe52d7/asset_2d61b9ab5574a5e04666c273.png","1452526","76531fcea6fcaab1780d0d35d5a769b5","2026-03-21T14:30:34.528Z","published/folder_e58ec71fdf0b1339c9c7fe55/asset_f31fa1b5dab4ae69fe54ac29.png","not_referenced|published_prefix|older_than_30d|etag_size_duplicate"
"published/folder_0f4831837b53cec8cdfe52d7/asset_2dc80b4da18e319a43459a0a.png","350903","0d028c6ff9b97132aa97b052b499de37","2026-03-21T13:50:45.666Z","published/folder_e58ec71fdf0b1339c9c7fe55/asset_6dc94285ff17c69eba2cd22c.png","not_referenced|published_prefix|older_than_30d|etag_size_duplicate"
"published/folder_0f4831837b53cec8cdfe52d7/asset_2e563b84332d8ef0800309b2.png","412485","1d15a4ef29410150817de308f8a7de98","2026-03-21T13:52:06.336Z","published/folder_e58ec71fdf0b1339c9c7fe55/asset_3f747c784106c3469ad604c1.png","not_referenced|published_prefix|older_than_30d|etag_size_duplicate"
"published/folder_0f4831837b53cec8cdfe52d7/asset_2e734095f446f9894366e321.png","245020","578f0d24694c0468a471c0bdd5072d68","2026-03-21T14:21:47.472Z","published/folder_e58ec71fdf0b1339c9c7fe55/asset_f43082bbfa9244a9cd6aad68.png","not_referenced|published_prefix|older_than_30d|etag_size_duplicate"
"published/folder_0f4831837b53cec8cdfe52d7/asset_2ed1d52893a09837417db8d3.png","223278","77071d3a32580e51bbc4b64635756e06","2026-03-21T14:30:43.776Z","published/folder_e58ec71fdf0b1339c9c7fe55/asset_1d1e1ada1fb5046ad5ff650a.png","not_referenced|published_prefix|older_than_30d|etag_size_duplicate"
"published/folder_0f4831837b53cec8cdfe52d7/asset_2ee20bcff108297d01a660d2.png","97696","9029c8b79155c52f84b2a9425a298e46","2026-03-21T14:28:10.722Z","published/folder_e58ec71fdf0b1339c9c7fe55/asset_812a35bd9ddbe84ae2ba6e96.png","not_referenced|published_prefix|older_than_30d|etag_size_duplicate"
"published/folder_0f4831837b53cec8cdfe52d7/asset_2f14aaed46bde77434454223.png","558384","c1cba5e5331d2df7655d227afb55ad1a","2026-03-21T14:43:48.068Z","published/folder_e58ec71fdf0b1339c9c7fe55/asset_b4c280dbce27cafeaf83219c.png","not_referenced|published_prefix|older_than_30d|etag_size_duplicate"
"published/folder_0f4831837b53cec8cdfe52d7/asset_2f2113bd651e8f76158af04f.png","506044","194bd8c1e8353e9b7a5ede10078a4b8d","2026-03-21T14:19:35.064Z","published/folder_e58ec71fdf0b1339c9c7fe55/asset_67b87b9d9d283da0dc8f22f5.png","not_referenced|published_prefix|older_than_30d|etag_size_duplicate"
"published/folder_0f4831837b53cec8cdfe52d7/asset_3221c54f729baccd2b6f0236.png","543863","9f5e062c0fae59959520eb0bf2ad2424","2026-03-21T14:07:47.894Z","published/folder_e58ec71fdf0b1339c9c7fe55/asset_2b575c2ab1705547a3f561db.png","not_referenced|published_prefix|older_than_30d|etag_size_duplicate"
"published/folder_0f4831837b53cec8cdfe52d7/asset_323f07fa05fee973e01158c5.png","690127","8ecd4cbeee0d633bee8cbb0c457562c9","2026-03-21T14:06:11.370Z","published/folder_e58ec71fdf0b1339c9c7fe55/asset_07cd625a76bf46318c8d2403.png","not_referenced|published_prefix|older_than_30d|etag_size_duplicate"
"published/folder_0f4831837b53cec8cdfe52d7/asset_3248131df596083fc78a88f7.png","191518","8e2ac7bcc69e384e59a1a2310abc74fa","2026-03-21T14:05:55.790Z","published/folder_e58ec71fdf0b1339c9c7fe55/asset_35f9d13506a3cfd0017b99a6.png","not_referenced|published_prefix|older_than_30d|etag_size_duplicate"
"published/folder_0f4831837b53cec8cdfe52d7/asset_326f2517a071cc4520f2e604.png","627473","9887a19277818f9cfb143952375bc50f","2026-03-21T14:28:21.095Z","published/folder_e58ec71fdf0b1339c9c7fe55/asset_32766ce71004cfdc71e551fd.png","not_referenced|published_prefix|older_than_30d|etag_size_duplicate"
"published/folder_0f4831837b53cec8cdfe52d7/asset_33b3363361626c7ca4186c85.png","409183","19661234846a35ec65a48e34c21028a3","2026-03-21T14:35:58.669Z","published/folder_e58ec71fdf0b1339c9c7fe55/asset_057b86f9300a58ce473af794.png","not_referenced|published_prefix|older_than_30d|etag_size_duplicate"
"published/folder_0f4831837b53cec8cdfe52d7/asset_33c305c41b5786a6b832a727.png","484995","19621160d75045387f17e7a3e3527615","2026-03-21T14:34:07.305Z","published/folder_e58ec71fdf0b1339c9c7fe55/asset_5aeab943240a39929112a776.png","not_referenced|published_prefix|older_than_30d|etag_size_duplicate"
"published/folder_0f4831837b53cec8cdfe52d7/asset_33fb9e324b45901d5a524d75.png","1050291","47eae59e5b6887c2d1e9152d9f1bac2e","2026-03-21T14:11:45.288Z","published/folder_e58ec71fdf0b1339c9c7fe55/asset_a4ecdc29ac70b0ab45a3cfb9.png","not_referenced|published_prefix|older_than_30d|etag_size_duplicate"
"published/folder_0f4831837b53cec8cdfe52d7/asset_3404a4418347620c981df4d0.png","394831","35db5b6a3eeae50ec713e1d5b4add724","2026-03-21T14:10:48.724Z","published/folder_e58ec71fdf0b1339c9c7fe55/asset_57125879617a4004aaba4a33.png","not_referenced|published_prefix|older_than_30d|etag_size_duplicate"
"published/folder_0f4831837b53cec8cdfe52d7/asset_348c6288eede5c13b23c8f27.png","182409","908d76c80e7481d359fcd30d3ebbb03f","2026-03-21T14:24:40.866Z","published/folder_e58ec71fdf0b1339c9c7fe55/asset_dfc70bc8a4964e6d967535b6.png","not_referenced|published_prefix|older_than_30d|etag_size_duplicate"
"published/folder_0f4831837b53cec8cdfe52d7/asset_3549c745890e8d193c93d7a7.png","382030","955a96847a32e31715033d9ebbdb737d","2026-03-21T14:25:01.127Z","published/folder_e58ec71fdf0b1339c9c7fe55/asset_6dbed445b2bd6d3adfa44d49.png","not_referenced|published_prefix|older_than_30d|etag_size_duplicate"
"published/folder_0f4831837b53cec8cdfe52d7/asset_355c1e4865becbae92d46e73.png","80881","af108bad27dc6cf0a343290cd7735494","2026-03-21T14:40:12.762Z","published/folder_e58ec71fdf0b1339c9c7fe55/asset_f54ef43f7f1c9b49756f36f2.png","not_referenced|published_prefix|older_than_30d|etag_size_duplicate"
"published/folder_0f4831837b53cec8cdfe52d7/asset_360fa99748cde2113d0253a8.png","1072129","60d8056bc646582693cc236d6662ba3d","2026-03-21T14:13:11.501Z","published/folder_e58ec71fdf0b1339c9c7fe55/asset_3d9eab472558a596a9f95eb7.png","not_referenced|published_prefix|older_than_30d|etag_size_duplicate"
"published/folder_0f4831837b53cec8cdfe52d7/asset_36bc56bf49d6a64612c7a4bf.png","215770","be9e7fc6f2e5d747fff9c6ae506e1a5f","2026-03-21T14:43:08.539Z","published/folder_e58ec71fdf0b1339c9c7fe55/asset_28965132c4a75c441325590f.png","not_referenced|published_prefix|older_than_30d|etag_size_duplicate"
"published/folder_0f4831837b53cec8cdfe52d7/asset_3714c7021edf31132b9a9748.png","273161","bcadaeb2c6f8453cdd28a13b82564a42","2026-03-21T14:42:42.655Z","published/folder_e58ec71fdf0b1339c9c7fe55/asset_5d406f7a512b2024ce4bc5fe.png","not_referenced|published_prefix|older_than_30d|etag_size_duplicate"
"published/folder_0f4831837b53cec8cdfe52d7/asset_38ca65296bf3e046d6f794e4.png","405106","29b25a63d6e59ca86af086187a8ec26a","2026-03-21T14:09:44.628Z","published/folder_e58ec71fdf0b1339c9c7fe55/asset_b4edce692a2d4a17bcb8af38.png","not_referenced|published_prefix|older_than_30d|etag_size_duplicate"
"published/folder_0f4831837b53cec8cdfe52d7/asset_3948fe3608a4ed946b194dc1.png","747200","5e6144b2046b60221936d33f7b62f595","2026-03-21T14:01:01.994Z","published/folder_e58ec71fdf0b1339c9c7fe55/asset_cf76252a2a1674682619b9f5.png","not_referenced|published_prefix|older_than_30d|etag_size_duplicate"
"published/folder_0f4831837b53cec8cdfe52d7/asset_3985d2fb354a9490735300a0.png","323544","23a6b0d11bab3d8faacf5ed79fb10add","2026-03-21T14:09:24.789Z","published/folder_e58ec71fdf0b1339c9c7fe55/asset_d11fce9b696c325d43c58e2f.png","not_referenced|published_prefix|older_than_30d|etag_size_duplicate"
"published/folder_0f4831837b53cec8cdfe52d7/asset_39fe6529fda3505766b38a2c.png","500345","8b576b133bfba716eeed87c46ef93a06","2026-03-21T14:05:32.580Z","published/folder_e58ec71fdf0b1339c9c7fe55/asset_60a37ac4339f52df24991b4a.png","not_referenced|published_prefix|older_than_30d|etag_size_duplicate"
"published/folder_0f4831837b53cec8cdfe52d7/asset_3a0c03bca6881107582d1863.png","737241","789622832c03f38448757c80444819a2","2026-03-21T14:35:07.648Z","published/folder_e58ec71fdf0b1339c9c7fe55/asset_6a858d46d3705f38167c5008.png","not_referenced|published_prefix|older_than_30d|etag_size_duplicate"
"published/folder_0f4831837b53cec8cdfe52d7/asset_3a739256f52ac3af282d468a.png","305507","8748a954c6fc8e7b755ef5f277798fee","2026-03-21T14:27:56.289Z","published/folder_e58ec71fdf0b1339c9c7fe55/asset_feb24b66d7b98b3bf6e44acb.png","not_referenced|published_prefix|older_than_30d|etag_size_duplicate"
"published/folder_0f4831837b53cec8cdfe52d7/asset_3a7d5199a203f105f8222d62.png","58692","71537f776886c3009760cc26e2baa645","2026-03-21T14:30:25.586Z","published/folder_e58ec71fdf0b1339c9c7fe55/asset_35fbdd836487cdc8542c2726.png","not_referenced|published_prefix|older_than_30d|etag_size_duplicate"
"published/folder_0f4831837b53cec8cdfe52d7/asset_3a945583e5c683e23f4afda1.png","808377","7c9fab35cdac9d1f0b63870da79472e7","2026-03-21T14:03:52.576Z","published/folder_e58ec71fdf0b1339c9c7fe55/asset_fb32ae301c96ac3be08b0b20.png","not_referenced|published_prefix|older_than_30d|etag_size_duplicate"
"published/folder_0f4831837b53cec8cdfe52d7/asset_3bc70a4d04b9da3dc9788c65.png","140202","c3ef2ca9e04ad5d06fdf776eaf99e54f","2026-03-21T14:44:03.417Z","published/folder_e58ec71fdf0b1339c9c7fe55/asset_4bc9e4672199c7277c760913.png","not_referenced|published_prefix|older_than_30d|etag_size_duplicate"
"published/folder_0f4831837b53cec8cdfe52d7/asset_3bfb1558afb0a04157f1fe81.png","133885","1216c70eb35a5a279a10e3723098171d","2026-03-21T14:25:27.724Z","published/folder_e58ec71fdf0b1339c9c7fe55/asset_22ff6791f881707c196fe62d.png","not_referenced|published_prefix|older_than_30d|etag_size_duplicate"
"published/folder_0f4831837b53cec8cdfe52d7/asset_3caea04516f1fd98b5f9b64b.png","332287","08c4923096f3d1d7c0cde24b977c927b","2026-03-21T14:05:46.580Z","published/folder_e58ec71fdf0b1339c9c7fe55/asset_8bbfd20b213c021e99bbf74c.png","not_referenced|published_prefix|older_than_30d|etag_size_duplicate"
"published/folder_0f4831837b53cec8cdfe52d7/asset_3dd0a4f1ad444f7b4997c6a0.png","71450","061ca8cb196acb084f30e8e2059d5c18","2026-03-21T14:13:19.224Z","published/folder_e58ec71fdf0b1339c9c7fe55/asset_93268933d0e07a1dce31298b.png","not_referenced|published_prefix|older_than_30d|etag_size_duplicate"
"published/folder_0f4831837b53cec8cdfe52d7/asset_3de1d1dc33495ac7277d39be.png","456893","33aa3164a5a9558dd7dc984db461eb77","2026-03-21T14:10:38.262Z","published/folder_e58ec71fdf0b1339c9c7fe55/asset_a6ee7d47e061299ef5efe02a.png","not_referenced|published_prefix|older_than_30d|etag_size_duplicate"
"published/folder_0f4831837b53cec8cdfe52d7/asset_3e566a813c648589f27c5fd7.png","339460","1f1eb9ac0eeb35e12756a7d4219e06b2","2026-03-21T13:52:36.426Z","published/folder_e58ec71fdf0b1339c9c7fe55/asset_aeead5405e582e885a5554db.png","not_referenced|published_prefix|older_than_30d|etag_size_duplicate"
"published/folder_0f4831837b53cec8cdfe52d7/asset_3ea7de5c7574980b89fd1b4f.png","296158","55c04ac21dd6077cecd2b3401108c052","2026-03-21T14:12:30.043Z","published/folder_e58ec71fdf0b1339c9c7fe55/asset_0bbb927ec52049bb4775b95d.png","not_referenced|published_prefix|older_than_30d|etag_size_duplicate"
"published/folder_0f4831837b53cec8cdfe52d7/asset_3fb2c8664c110997b224f988.png","1320074","180003d2661ea32dc617c39b17b87105","2026-03-21T14:31:40.810Z","published/folder_e58ec71fdf0b1339c9c7fe55/asset_8a1e20ebafe079ae9c76dfd3.png","not_referenced|published_prefix|older_than_30d|etag_size_duplicate"
"published/folder_0f4831837b53cec8cdfe52d7/asset_3fc7409591539b1011e7fa04.png","666975","1221269654522cad43fb6e1253fc3f39","2026-03-21T14:36:12.855Z","published/folder_e58ec71fdf0b1339c9c7fe55/asset_d98dd84404dbc94808169413.png","not_referenced|published_prefix|older_than_30d|etag_size_duplicate"
"published/folder_0f4831837b53cec8cdfe52d7/asset_403cbd9dd0a8723e088f5692.png","317415","6745a8ec0e21697925c431d7d0f3c354","2026-03-21T14:26:59.495Z","published/folder_e58ec71fdf0b1339c9c7fe55/asset_4df149913df9d1212a77ba0c.png","not_referenced|published_prefix|older_than_30d|etag_size_duplicate"
"published/folder_0f4831837b53cec8cdfe52d7/asset_406c0bd7bbdc961191169e5b.png","1196531","677caeb5cc196b7279bb112361118e95","2026-03-21T14:22:57.673Z","published/folder_e58ec71fdf0b1339c9c7fe55/asset_9fc228450e351fd653def47d.png","not_referenced|published_prefix|older_than_30d|etag_size_duplicate"
"published/folder_0f4831837b53cec8cdfe52d7/asset_40a7de86f6141a947f0010cf.png","374795","c4a3809ee933a3c1d024765c79ad4223","2026-03-21T14:44:09.290Z","published/folder_e58ec71fdf0b1339c9c7fe55/asset_58a8588e5d6348546512e53e.png","not_referenced|published_prefix|older_than_30d|etag_size_duplicate"
"published/folder_0f4831837b53cec8cdfe52d7/asset_414629fcfca4b3ea01aef209.png","1014456","2fcef8e14f78ca5d9b0f6ad168c123fa","2026-03-21T13:55:06.180Z","published/folder_e58ec71fdf0b1339c9c7fe55/asset_968b7d2c71bdefd960103330.png","not_referenced|published_prefix|older_than_30d|etag_size_duplicate"
"published/folder_0f4831837b53cec8cdfe52d7/asset_41d2125ffddbe4b619b8f741.png","357194","6ac4d6bae61339a5dbf0c7737a213b36","2026-03-21T14:01:27.287Z","published/folder_e58ec71fdf0b1339c9c7fe55/asset_ed8fd49884d71d0d68f12f2f.png","not_referenced|published_prefix|older_than_30d|etag_size_duplicate"
"published/folder_0f4831837b53cec8cdfe52d7/asset_41ec5fee222d7b4c924d4896.png","565484","0e7df7d9d9658daec203277faf8901b6","2026-03-21T13:51:00.394Z","published/folder_e58ec71fdf0b1339c9c7fe55/asset_6691d204d16b64b8f8ba2d4a.png","not_referenced|published_prefix|older_than_30d|etag_size_duplicate"
"published/folder_0f4831837b53cec8cdfe52d7/asset_41efa224cee9695a74f67f54.png","515920","758499c293c8e7429b63f7b91b6f7c5a","2026-03-21T14:33:06.510Z","published/folder_e58ec71fdf0b1339c9c7fe55/asset_393486e2955e4b08986040d3.png","not_referenced|published_prefix|older_than_30d|etag_size_duplicate"
"published/folder_0f4831837b53cec8cdfe52d7/asset_4245658435cc2d8281f6ce57.png","408300","96872c92f0bb34e48723005ac2dfe77c","2026-03-21T14:31:30.404Z","published/folder_e58ec71fdf0b1339c9c7fe55/asset_d669814c6681daa81f7d5dd3.png","not_referenced|published_prefix|older_than_30d|etag_size_duplicate"
"published/folder_0f4831837b53cec8cdfe52d7/asset_4384ae3fe6abfdb4194a9a55.png","84750","87b19f8258c263eaabc14d1a9d5d15c7","2026-03-21T14:16:34.694Z","published/folder_e58ec71fdf0b1339c9c7fe55/asset_b5db88ed2eb2d77439c3ed33.png","not_referenced|published_prefix|older_than_30d|etag_size_duplicate"
"published/folder_0f4831837b53cec8cdfe52d7/asset_4387f03afcb5f533b8e286d0.png","250194","49891bb161c277c74790946d5e6d544b","2026-03-21T14:29:17.949Z","published/folder_e58ec71fdf0b1339c9c7fe55/asset_c8d51212541df9b1ec4457a9.png","not_referenced|published_prefix|older_than_30d|etag_size_duplicate"
"published/folder_0f4831837b53cec8cdfe52d7/asset_4460ee08f7b79035efd40de1.png","749001","606fc0912c6c460b00121694bbe8a87b","2026-03-21T14:22:10.610Z","published/folder_e58ec71fdf0b1339c9c7fe55/asset_9c70e0746fc54d739120c3d2.png","not_referenced|published_prefix|older_than_30d|etag_size_duplicate"
"published/folder_0f4831837b53cec8cdfe52d7/asset_447d2c637c77d78197e7ed14.png","470150","46f143a0e766981d9d7629c14ab470a4","2026-03-21T14:11:39.343Z","published/folder_e58ec71fdf0b1339c9c7fe55/asset_a3a665fa5719098c2a5e2749.png","not_referenced|published_prefix|older_than_30d|etag_size_duplicate"
"published/folder_0f4831837b53cec8cdfe52d7/asset_448fdf5b9142d6c3508baf88.png","574651","3a40125ae5ee21c26c11867c4eeebae5","2026-03-21T13:55:20.423Z","published/folder_e58ec71fdf0b1339c9c7fe55/asset_cdd3e2ed057bde4c0c8deffc.png","not_referenced|published_prefix|older_than_30d|etag_size_duplicate"
"published/folder_0f4831837b53cec8cdfe52d7/asset_44d54617d875b8160d5d0816.png","361639","7d21d6cf9e349ffbafdd46c6d516da2b","2026-03-21T14:04:22.160Z","published/folder_e58ec71fdf0b1339c9c7fe55/asset_635a316d59aa96d5797a6e7d.png","not_referenced|published_prefix|older_than_30d|etag_size_duplicate"
"published/folder_0f4831837b53cec8cdfe52d7/asset_44fe791ed6d4891c2891d2df.png","299130","88c01f046d09bef22bbf299ab0ecc294","2026-03-21T14:16:57.599Z","published/folder_e58ec71fdf0b1339c9c7fe55/asset_6fd316cd78f55f3e5b28f542.png","not_referenced|published_prefix|older_than_30d|etag_size_duplicate"
"published/folder_0f4831837b53cec8cdfe52d7/asset_455fcb6151b37ad32693b03c.png","603674","9819ae91e640023634f55b61dc627d0f","2026-03-21T14:28:15.738Z","published/folder_e58ec71fdf0b1339c9c7fe55/asset_2d3bb546ebe6d4974ab40420.png","not_referenced|published_prefix|older_than_30d|etag_size_duplicate"
"published/folder_0f4831837b53cec8cdfe52d7/asset_45a395fddee6784b56d271fb.png","535436","c71b240c82bccf1e0f61f535bc97f4bc","2026-03-21T14:45:49.327Z","published/folder_e58ec71fdf0b1339c9c7fe55/asset_36fe4f163a92abf1c2a78410.png","not_referenced|published_prefix|older_than_30d|etag_size_duplicate"
"published/folder_0f4831837b53cec8cdfe52d7/asset_46f09c5f85cd175450141b70.png","245567","911bcb8c1ec785e8b86373c6eac7a090","2026-03-21T14:24:45.476Z","published/folder_e58ec71fdf0b1339c9c7fe55/asset_c11553f1ab62b126301f1edf.png","not_referenced|published_prefix|older_than_30d|etag_size_duplicate"
"published/folder_0f4831837b53cec8cdfe52d7/asset_46f727c70fca09b5a549847a.png","497167","87b35bd4a1038dbe3128e0ce9a89c7cf","2026-03-21T14:16:39.655Z","published/folder_e58ec71fdf0b1339c9c7fe55/asset_1f210ef9954215c355170287.png","not_referenced|published_prefix|older_than_30d|etag_size_duplicate"
"published/folder_0f4831837b53cec8cdfe52d7/asset_47247b7d238b695a05dbe185.png","605564","3763391986be3b6fc2c667591a8c2ffc","2026-03-21T14:35:32.441Z","published/folder_e58ec71fdf0b1339c9c7fe55/asset_d8deb5a8fee3867ff9db351f.png","not_referenced|published_prefix|older_than_30d|etag_size_duplicate"
"published/folder_0f4831837b53cec8cdfe52d7/asset_472a82b518417978ec6111b7.png","1247906","83dfe20476d9719bc21fc37318843816","2026-03-21T14:16:10.105Z","published/folder_e58ec71fdf0b1339c9c7fe55/asset_675dc373cf0e7805fbe9c704.png","not_referenced|published_prefix|older_than_30d|etag_size_duplicate"
"published/folder_0f4831837b53cec8cdfe52d7/asset_47e5e8635e9c914320bcf9bc.png","673499","66ef197d0820ff9b952eaee0a349a11c","2026-03-21T14:14:22.230Z","published/folder_e58ec71fdf0b1339c9c7fe55/asset_5cb62a8467b2d6c03c6a9c38.png","not_referenced|published_prefix|older_than_30d|etag_size_duplicate"
"published/folder_0f4831837b53cec8cdfe52d7/asset_48ab648c21c88b123d71d133.png","425002","a9404ac31055000e4da8612f55630d5e","2026-03-21T14:38:07.917Z","published/folder_e58ec71fdf0b1339c9c7fe55/asset_d1dbf5a8a69849b7b49500ba.png","not_referenced|published_prefix|older_than_30d|etag_size_duplicate"
"published/folder_0f4831837b53cec8cdfe52d7/asset_48f631348f64b54a9b6e1403.png","244721","63f1300660133589a216fca86d2c6e3f","2026-03-21T14:13:49.817Z","published/folder_e58ec71fdf0b1339c9c7fe55/asset_aff1ce80317b83c756e9ed00.png","not_referenced|published_prefix|older_than_30d|etag_size_duplicate"
"published/folder_0f4831837b53cec8cdfe52d7/asset_4a6fc8581e8cf9b490d1f59a.png","345353","745adb93b3d2339275f4819fa0e6e136","2026-03-21T14:23:26.661Z","published/folder_e58ec71fdf0b1339c9c7fe55/asset_2d53382d6ee1767518876207.png","not_referenced|published_prefix|older_than_30d|etag_size_duplicate"
"published/folder_0f4831837b53cec8cdfe52d7/asset_4ac68f58dee3c39cd7984051.png","52504","6bad4c55a40d620ac02fa59406f17d60","2026-03-21T14:02:03.249Z","published/folder_e58ec71fdf0b1339c9c7fe55/asset_b08fd8f1bd90f52d0759f821.png","not_referenced|published_prefix|older_than_30d|etag_size_duplicate"
"published/folder_0f4831837b53cec8cdfe52d7/asset_4afd59279f56b9d652f712fb.png","2892011","2c6fb65b71f1a38458b2ccfbb9c971ba","2026-03-21T13:53:40.880Z","published/folder_e58ec71fdf0b1339c9c7fe55/asset_fecec1349852db1dbc2c9455.png","not_referenced|published_prefix|older_than_30d|etag_size_duplicate"
"published/folder_0f4831837b53cec8cdfe52d7/asset_4b3e348aab67f60d537e4688.png","357066","35408bee59ee1a576176f1cb28c9964e","2026-03-21T14:29:04.250Z","published/folder_e58ec71fdf0b1339c9c7fe55/asset_243ee0a0ce4c712378374dd9.png","not_referenced|published_prefix|older_than_30d|etag_size_duplicate"
"published/folder_0f4831837b53cec8cdfe52d7/asset_4b420ffe145ebcdb58b79378.png","316210","5fd7255e755eeb09ae099d11a04a9d8f","2026-03-21T14:01:17.690Z","published/folder_e58ec71fdf0b1339c9c7fe55/asset_d64d859f90a3750ae6ed515c.png","not_referenced|published_prefix|older_than_30d|etag_size_duplicate"
"published/folder_0f4831837b53cec8cdfe52d7/asset_4bd5795300c903e98ac68400.png","284139","3c0d838f7d35fb18d68170e3507f3130","2026-03-21T13:55:44.689Z","published/folder_e58ec71fdf0b1339c9c7fe55/asset_1b5648e00cdb9d3193503d60.png","not_referenced|published_prefix|older_than_30d|etag_size_duplicate"
"published/folder_0f4831837b53cec8cdfe52d7/asset_4c06a01d9552be206774fa54.png","377591","570158d16c663846f2296ad0dae65a1f","2026-03-21T14:32:28.755Z","published/folder_e58ec71fdf0b1339c9c7fe55/asset_48014e74834330457037e3eb.png","not_referenced|published_prefix|older_than_30d|etag_size_duplicate"
"published/folder_0f4831837b53cec8cdfe52d7/asset_4c1c4233fb55bea4cdfb3646.png","575997","b02c497ee1bf276d26e3ae36a2fe3a51","2026-03-21T14:40:33.654Z","published/folder_e58ec71fdf0b1339c9c7fe55/asset_62e1d789a7331940f7b28753.png","not_referenced|published_prefix|older_than_30d|etag_size_duplicate"
"published/folder_0f4831837b53cec8cdfe52d7/asset_4cb8bbb5ebd37b1a795d33b5.png","340227","75f82b6a37da1f1c5b26833ee03e762d","2026-03-21T14:15:29.423Z","published/folder_e58ec71fdf0b1339c9c7fe55/asset_c3b42c38cea33ce109762297.png","not_referenced|published_prefix|older_than_30d|etag_size_duplicate"
"published/folder_0f4831837b53cec8cdfe52d7/asset_4d0fc93352a5c32af271f95c.png","1465536","4e8bf7f2b87c0cf567eb980354428e0f","2026-03-21T13:59:34.276Z","published/folder_e58ec71fdf0b1339c9c7fe55/asset_2b5ea76f6339d0b820535974.png","not_referenced|published_prefix|older_than_30d|etag_size_duplicate"
"published/folder_0f4831837b53cec8cdfe52d7/asset_4d5f029d968ea2189a49026b.png","595459","94adc29508cf40339edff3717ddb4720","2026-03-21T14:17:36.341Z","published/folder_e58ec71fdf0b1339c9c7fe55/asset_bc722798398a1ba9de5e5181.png","not_referenced|published_prefix|older_than_30d|etag_size_duplicate"
"published/folder_0f4831837b53cec8cdfe52d7/asset_4d69804c38a58677ce60db0f.png","357477","7c5a24e77c53e0d156a96cb2d33b1ac4","2026-03-21T14:03:33.135Z","published/folder_e58ec71fdf0b1339c9c7fe55/asset_2b8b1573b9fad213593eb06a.png","not_referenced|published_prefix|older_than_30d|etag_size_duplicate"
"published/folder_0f4831837b53cec8cdfe52d7/asset_4e1e0d58cf19ba55f27587da.png","301620","4961f8aada30e91a5a86a8e6f54b916e","2026-03-21T14:26:36.110Z","published/folder_e58ec71fdf0b1339c9c7fe55/asset_a64110b4e00ab24e0c68f85b.png","not_referenced|published_prefix|older_than_30d|etag_size_duplicate"
"published/folder_0f4831837b53cec8cdfe52d7/asset_4e6f9cf5eb52c5c8bac1f0ea.png","411870","74e37b4b5484ca1bb8647599cc14475f","2026-03-21T14:15:24.864Z","published/folder_e58ec71fdf0b1339c9c7fe55/asset_832238ba1537bf40bc09f679.png","not_referenced|published_prefix|older_than_30d|etag_size_duplicate"
"published/folder_0f4831837b53cec8cdfe52d7/asset_4ed1e469a985dddfbf1c456b.png","223850","7e607ead6cceb3a6eb1eaa969bb74e72","2026-03-21T14:04:40.099Z","published/folder_e58ec71fdf0b1339c9c7fe55/asset_db2a9d6535631df0c2c3504d.png","not_referenced|published_prefix|older_than_30d|etag_size_duplicate"
"published/folder_0f4831837b53cec8cdfe52d7/asset_517502b35fbda0061d5e3d15.png","327031","1ef696bd878d4930f2c67b34e1a36814","2026-03-21T13:52:32.041Z","published/folder_e58ec71fdf0b1339c9c7fe55/asset_f7f6b41093b9af6892aaf908.png","not_referenced|published_prefix|older_than_30d|etag_size_duplicate"
"published/folder_0f4831837b53cec8cdfe52d7/asset_51813d357cd976e449929261.png","632092","af79631cf490306b717f91f7ce56912f","2026-03-21T14:40:17.637Z","published/folder_e58ec71fdf0b1339c9c7fe55/asset_ed638b0364ab37f7a2568d34.png","not_referenced|published_prefix|older_than_30d|etag_size_duplicate"
"published/folder_0f4831837b53cec8cdfe52d7/asset_518af5a791085aaac8772c29.png","20671","67180eb48a57cd1c4c315bfaa1390174","2026-03-21T14:29:58.581Z","published/folder_e58ec71fdf0b1339c9c7fe55/asset_fc7d45e17342081a1c05e366.png","not_referenced|published_prefix|older_than_30d|etag_size_duplicate"
"published/folder_0f4831837b53cec8cdfe52d7/asset_51ba10f2981204959f91fc8a.png","607932","070319a8304330139cab1d4696a18264","2026-03-21T14:30:17.595Z","published/folder_e58ec71fdf0b1339c9c7fe55/asset_78a7176b4f45838a9036b721.png","not_referenced|published_prefix|older_than_30d|etag_size_duplicate"
"published/folder_0f4831837b53cec8cdfe52d7/asset_52b7c9096af814be9f46e4e6.png","639502","ae53ceb580a09315cdcba5e5104dadce","2026-03-21T14:39:42.806Z","published/folder_e58ec71fdf0b1339c9c7fe55/asset_3f43e091330d4ef75007ee42.png","not_referenced|published_prefix|older_than_30d|etag_size_duplicate"
"published/folder_0f4831837b53cec8cdfe52d7/asset_53ae0ea4bda0cbeef3bc5ff0.png","141755","70d3927740853fc88e77a44139ff3318","2026-03-21T14:15:08.386Z","published/folder_e58ec71fdf0b1339c9c7fe55/asset_772ad6341dfbc2b6a724708d.png","not_referenced|published_prefix|older_than_30d|etag_size_duplicate"
"published/folder_0f4831837b53cec8cdfe52d7/asset_540e907f018808cfd1a15026.png","735426","aec3aa6bc20ea880345362f1387a44bc","2026-03-21T14:40:00.029Z","published/folder_e58ec71fdf0b1339c9c7fe55/asset_5cf8e31f8c64b3dadb200857.png","not_referenced|published_prefix|older_than_30d|etag_size_duplicate"
"published/folder_0f4831837b53cec8cdfe52d7/asset_542f4505f764a5d15e640abe.png","189129","741760f740fb93e3e21c137d0c822d34","2026-03-21T14:32:55.075Z","published/folder_e58ec71fdf0b1339c9c7fe55/asset_7a62dd0817e5ac150e1f3ba2.png","not_referenced|published_prefix|older_than_30d|etag_size_duplicate"
"published/folder_0f4831837b53cec8cdfe52d7/asset_54872e7fb61f72d7425d66ab.png","267041","2c8fbc1d2dc2d572233d8f9132bdee94","2026-03-21T13:53:47.496Z","published/folder_e58ec71fdf0b1339c9c7fe55/asset_ad70a5f47353c578b5a81c18.png","not_referenced|published_prefix|older_than_30d|etag_size_duplicate"
"published/folder_0f4831837b53cec8cdfe52d7/asset_548fb364e01b7afe2fdd0368.png","2874047","2280297ed5074743e71f73f6eb8d6212","2026-03-21T14:33:43.993Z","published/folder_e58ec71fdf0b1339c9c7fe55/asset_d455113e7a0fa0ebe7dc906d.png","not_referenced|published_prefix|older_than_30d|etag_size_duplicate"
"published/folder_0f4831837b53cec8cdfe52d7/asset_550abe466cfc2db503077cfb.png","943788","4b3ffdd0d6660522eae1fdb20a0fbb59","2026-03-21T13:58:51.366Z","published/folder_e58ec71fdf0b1339c9c7fe55/asset_202ca0be9383c150f5ecbf19.png","not_referenced|published_prefix|older_than_30d|etag_size_duplicate"
"published/folder_0f4831837b53cec8cdfe52d7/asset_5577e7609abb289b55dfc1f6.png","367660","49d435daafd537784755dc0501000c3e","2026-03-21T14:11:54.853Z","published/folder_e58ec71fdf0b1339c9c7fe55/asset_37e04d66bebf03900dfe9b28.png","not_referenced|published_prefix|older_than_30d|etag_size_duplicate"
"published/folder_0f4831837b53cec8cdfe52d7/asset_55c091a12946c566e5deaf70.png","319665","299b0e76a8ff03871ac685721711ab18","2026-03-21T14:20:14.213Z","published/folder_e58ec71fdf0b1339c9c7fe55/asset_fb69cf0ce5bdbef2babf3a71.png","not_referenced|published_prefix|older_than_30d|etag_size_duplicate"
"published/folder_0f4831837b53cec8cdfe52d7/asset_55e50114b5e515cb8e7f3a03.png","2389254","03e9f514d7047499a19fe48ac8eaec87","2026-03-21T13:56:45.999Z","published/folder_e58ec71fdf0b1339c9c7fe55/asset_80bd02e2975069a9c2557b05.png","not_referenced|published_prefix|older_than_30d|etag_size_duplicate"
"published/folder_0f4831837b53cec8cdfe52d7/asset_56a52b96bc6c60d280804a71.png","553511","c2f1527976b59bf3cebf67dc450feed9","2026-03-21T14:43:59.390Z","published/folder_e58ec71fdf0b1339c9c7fe55/asset_aabe15e5675f4366c7cac50c.png","not_referenced|published_prefix|older_than_30d|etag_size_duplicate"
"published/folder_0f4831837b53cec8cdfe52d7/asset_56eb02bb695b54acd293c92b.png","131719","b80c9a539bca7fcc664e7a1cddca363c","2026-03-21T14:41:37.089Z","published/folder_e58ec71fdf0b1339c9c7fe55/asset_1a61660128b9b3bf4f9a2962.png","not_referenced|published_prefix|older_than_30d|etag_size_duplicate"
"published/folder_0f4831837b53cec8cdfe52d7/asset_57080a690de98bab87af4142.png","461015","68c2714267d6b84f48cf6c40276c98f0","2026-03-21T14:14:45.830Z","published/folder_e58ec71fdf0b1339c9c7fe55/asset_44e67ad04e0979027d717227.png","not_referenced|published_prefix|older_than_30d|etag_size_duplicate"
"published/folder_0f4831837b53cec8cdfe52d7/asset_572c2461106a14662a5354b0.png","3614676","055d80fef123f5c2cb4843f83d601281","2026-03-21T14:12:36.621Z","published/folder_e58ec71fdf0b1339c9c7fe55/asset_ff8ad1fe1303f313ef630d7a.png","not_referenced|published_prefix|older_than_30d|etag_size_duplicate"
"published/folder_0f4831837b53cec8cdfe52d7/asset_57360f5488f7147f0b414c81.png","56777","1875d4eafa773b2bf9e1e1d2c2e95ca1","2026-03-21T14:25:41.820Z","published/folder_e58ec71fdf0b1339c9c7fe55/asset_008dddcf9d76383b18e07542.png","not_referenced|published_prefix|older_than_30d|etag_size_duplicate"
"published/folder_0f4831837b53cec8cdfe52d7/asset_575ee4136870b436a58be198.png","240050","0b80092c2e53d8c208bececd1908027a","2026-03-21T13:50:05.330Z","published/folder_e58ec71fdf0b1339c9c7fe55/asset_5258f031e6f8889a05dff39a.png","not_referenced|published_prefix|older_than_30d|etag_size_duplicate"
"published/folder_0f4831837b53cec8cdfe52d7/asset_577d7451f1399358a2d8ad5b.png","851838","720c995360ed283dab7ad9dc927fdcef","2026-03-21T14:23:17.230Z","published/folder_e58ec71fdf0b1339c9c7fe55/asset_0bb0f94d42a8e2794832ae47.png","not_referenced|published_prefix|older_than_30d|etag_size_duplicate"
"published/folder_0f4831837b53cec8cdfe52d7/asset_5806e67b86d00127b7257521.png","467898","ac67c9524934a8dc89ca6970c8a60bd6","2026-03-21T14:39:15.505Z","published/folder_e58ec71fdf0b1339c9c7fe55/asset_09cc27a2634523e9b8030413.png","not_referenced|published_prefix|older_than_30d|etag_size_duplicate"
"published/folder_0f4831837b53cec8cdfe52d7/asset_580ea4648c7123115b77b851.png","1301545","c9a32a29bee7ada78cb28bf9bb7ae71c","2026-03-21T14:45:07.668Z","published/folder_e58ec71fdf0b1339c9c7fe55/asset_aee912d7559aca01ebaca2fb.png","not_referenced|published_prefix|older_than_30d|etag_size_duplicate"
"published/folder_0f4831837b53cec8cdfe52d7/asset_584dd1ad9c80732e17dd5b99.png","2442162","8f58677e1f9da884676c57c282dd76e3","2026-03-21T14:06:30.961Z","published/folder_e58ec71fdf0b1339c9c7fe55/asset_42ffc5c53bcb994d2af15c8e.png","not_referenced|published_prefix|older_than_30d|etag_size_duplicate"
"published/folder_0f4831837b53cec8cdfe52d7/asset_588ec81761ce87b0a0af01aa.png","363540","b3427e7dbd51d494248b4a09a92271b1","2026-03-21T14:41:52.050Z","published/folder_e58ec71fdf0b1339c9c7fe55/asset_5a9f3a9682300ed37e1b0d64.png","not_referenced|published_prefix|older_than_30d|etag_size_duplicate"
"published/folder_0f4831837b53cec8cdfe52d7/asset_58f2f517b817b8092df01ffc.png","253600","566dd832876cbe0f5ae9fa2f8b3404f5","2026-03-21T14:21:42.725Z","published/folder_e58ec71fdf0b1339c9c7fe55/asset_c73ca3de2a2f76aeb36bea29.png","not_referenced|published_prefix|older_than_30d|etag_size_duplicate"
"published/folder_0f4831837b53cec8cdfe52d7/asset_58fd40b50915965ffa4edaac.png","403813","6e27240206a6c1536da21b05f01fdf6a","2026-03-21T14:02:45.439Z","published/folder_e58ec71fdf0b1339c9c7fe55/asset_8af47d505226be26eefc771e.png","not_referenced|published_prefix|older_than_30d|etag_size_duplicate"
"published/folder_0f4831837b53cec8cdfe52d7/asset_59820635bb150dba780ad9a5.png","1567052","6480de206c2a67fbd0b3647ab37c2d03","2026-03-21T14:26:51.252Z","published/folder_e58ec71fdf0b1339c9c7fe55/asset_e17030fd35bb1bf39eec3749.png","not_referenced|published_prefix|older_than_30d|etag_size_duplicate"
"published/folder_0f4831837b53cec8cdfe52d7/asset_5a181669e804c55bc0fd7e37.png","210651","874268c48e651b71ba63bd3f828d6df8","2026-03-21T14:33:17.425Z","published/folder_e58ec71fdf0b1339c9c7fe55/asset_da75c6a275d14a09e97376cd.png","not_referenced|published_prefix|older_than_30d|etag_size_duplicate"
"published/folder_0f4831837b53cec8cdfe52d7/asset_5b0a638efcd883796ce9ed78.png","67322","c41a1a170640554e0f6fc34fc7289794","2026-03-21T14:45:30.276Z","published/folder_e58ec71fdf0b1339c9c7fe55/asset_50345502dc3a8739a916ce73.png","not_referenced|published_prefix|older_than_30d|etag_size_duplicate"
"published/folder_0f4831837b53cec8cdfe52d7/asset_5b17baeb70af173eb28194d4.png","452836","c36b7c2be9f8398beaea5a8932b78955","2026-03-21T14:45:26.834Z","published/folder_e58ec71fdf0b1339c9c7fe55/asset_e928d8204d27a61572a4d47e.png","not_referenced|published_prefix|older_than_30d|etag_size_duplicate"
"published/folder_0f4831837b53cec8cdfe52d7/asset_5bc78b76bb595b44b8cd48b4.png","290346","85633343ca069f88ee4b6c110763a813","2026-03-21T14:34:51.903Z","published/folder_e58ec71fdf0b1339c9c7fe55/asset_351ebbcb0443c50e56a97400.png","not_referenced|published_prefix|older_than_30d|etag_size_duplicate"
"published/folder_0f4831837b53cec8cdfe52d7/asset_5bf3375847e79ba2228e9b22.png","363897","5ae4f4b206c1d91ef971e0f665e6fffc","2026-03-21T14:00:14.656Z","published/folder_e58ec71fdf0b1339c9c7fe55/asset_d18d5584b7e0a917a1f4d044.png","not_referenced|published_prefix|older_than_30d|etag_size_duplicate"
"published/folder_0f4831837b53cec8cdfe52d7/asset_5c6dafad0c07684cf09c1e68.png","195232","9b41fe2c4a67ed87d2c63672983ed2b6","2026-03-21T14:07:07.996Z","published/folder_e58ec71fdf0b1339c9c7fe55/asset_be6066e0a33bc2617258ef0a.png","not_referenced|published_prefix|older_than_30d|etag_size_duplicate"
"published/folder_0f4831837b53cec8cdfe52d7/asset_5c7327baccce17cf7e53688f.png","679627","837ada0b1a8e7fd1c48199c1348125af","2026-03-21T14:24:12.542Z","published/folder_e58ec71fdf0b1339c9c7fe55/asset_24a0c7a5391f9d85a5c3fdfd.png","not_referenced|published_prefix|older_than_30d|etag_size_duplicate"
"published/folder_0f4831837b53cec8cdfe52d7/asset_5c8e024f9e5184e7bb4bcc37.png","97205","0a7813ea8ab5995b4c9ea800ac5ff57e","2026-03-21T13:49:54.189Z","published/folder_e58ec71fdf0b1339c9c7fe55/asset_38d9730f973554007f882b3c.png","not_referenced|published_prefix|older_than_30d|etag_size_duplicate"
"published/folder_0f4831837b53cec8cdfe52d7/asset_5cba9aef3592387df9e06ad7.png","267962","bf468daf208a4d7feaf00dd714366cea","2026-03-21T14:43:24.973Z","published/folder_e58ec71fdf0b1339c9c7fe55/asset_1444ee3187daf95274b09ded.png","not_referenced|published_prefix|older_than_30d|etag_size_duplicate"
"published/folder_0f4831837b53cec8cdfe52d7/asset_5cce6ccee84a43aab99b523c.png","324501","13f6c3d623817f4449f5586e8bc071ff","2026-03-21T14:08:20.235Z","published/folder_e58ec71fdf0b1339c9c7fe55/asset_588f9372b1308d7ff5ade378.png","not_referenced|published_prefix|older_than_30d|etag_size_duplicate"
"published/folder_0f4831837b53cec8cdfe52d7/asset_5d09f8e66b65d39b3b57eb56.png","768633","c5bf25ce2242c450e1e5b7eb4483aa96","2026-03-21T14:44:28.142Z","published/folder_e58ec71fdf0b1339c9c7fe55/asset_fdcf9aa42c71c8979df0e93f.png","not_referenced|published_prefix|older_than_30d|etag_size_duplicate"
"published/folder_0f4831837b53cec8cdfe52d7/asset_5d6dbed0c8daaebddd98f00a.png","289652","8b4bd96c65d31a91ed8a780a34a08781","2026-03-21T14:05:13.903Z","published/folder_e58ec71fdf0b1339c9c7fe55/asset_fe718dcfcf34216df8c806d5.png","not_referenced|published_prefix|older_than_30d|etag_size_duplicate"
"published/folder_0f4831837b53cec8cdfe52d7/asset_5d8d79d01a6c6de60c8bd9d7.png","159911","52821908784459243e3d3e39238707b6","2026-03-21T14:36:34.163Z","published/folder_e58ec71fdf0b1339c9c7fe55/asset_78b1d1f39135651fe6164003.png","not_referenced|published_prefix|older_than_30d|etag_size_duplicate"
"published/folder_0f4831837b53cec8cdfe52d7/asset_5d9bcc785786ca7c17bab319.png","2519791","b56218c949118c2b3dfa56b7329ea619","2026-03-21T14:42:05.672Z","published/folder_e58ec71fdf0b1339c9c7fe55/asset_03a5328999fcb8583ac5ad55.png","not_referenced|published_prefix|older_than_30d|etag_size_duplicate"
"published/folder_0f4831837b53cec8cdfe52d7/asset_5e4a1c4a9bc3fa29ac643367.png","434567","77509ffdb3a6f42d09e6bb2bb26a1bd8","2026-03-21T14:30:48.426Z","published/folder_e58ec71fdf0b1339c9c7fe55/asset_fd477708803b514b7196df20.png","not_referenced|published_prefix|older_than_30d|etag_size_duplicate"
"published/folder_0f4831837b53cec8cdfe52d7/asset_5f03a0c3e8f6cdd7712cd72c.png","734685","51569d70b8567441d213d932dcbcf9c4","2026-03-21T14:29:33.450Z","published/folder_e58ec71fdf0b1339c9c7fe55/asset_41f6c97bce586faff4eb801b.png","not_referenced|published_prefix|older_than_30d|etag_size_duplicate"
"published/folder_0f4831837b53cec8cdfe52d7/asset_5f9ebd7136acf37b9c2c25c8.png","145577","6e32fe125986350a3f9cb3f3698b7758","2026-03-21T14:02:34.586Z","published/folder_e58ec71fdf0b1339c9c7fe55/asset_d477055ca0db4c4c4e6ebf2a.png","not_referenced|published_prefix|older_than_30d|etag_size_duplicate"
"published/folder_0f4831837b53cec8cdfe52d7/asset_5fa3f5c773b30248b383591d.png","542168","62df0e8a0eec800e15fe75ccba8479ee","2026-03-21T14:13:38.426Z","published/folder_e58ec71fdf0b1339c9c7fe55/asset_6d7537184a44475f587566ae.png","not_referenced|published_prefix|older_than_30d|etag_size_duplicate"
"published/folder_0f4831837b53cec8cdfe52d7/asset_5fde360bbac22585c2ca3bae.png","1097876","628abd957a675ae1a07bfaca8892a6d0","2026-03-21T14:22:41.354Z","published/folder_e58ec71fdf0b1339c9c7fe55/asset_61ccba8ee9f5e4a3c68e9f48.png","not_referenced|published_prefix|older_than_30d|etag_size_duplicate"
"published/folder_0f4831837b53cec8cdfe52d7/asset_61146388f174ce78b12de09e.png","719533","a827ea368ab2f6672bfe54ff264a8d74","2026-03-21T14:38:02.554Z","published/folder_e58ec71fdf0b1339c9c7fe55/asset_4ccd4a9f394c3d9d691b08a9.png","not_referenced|published_prefix|older_than_30d|etag_size_duplicate"
"published/folder_0f4831837b53cec8cdfe52d7/asset_61388900cd922360ea4fccb5.png","746882","a4cbfe4d9d6a8aa1aaaeffe703164c68","2026-03-21T14:37:16.489Z","published/folder_e58ec71fdf0b1339c9c7fe55/asset_bd02677e98f215083cda9298.png","not_referenced|published_prefix|older_than_30d|etag_size_duplicate"
"published/folder_0f4831837b53cec8cdfe52d7/asset_61dc00f4f10301f6a2de59f1.png","313435","6aee9945d04409df5a148571951567d9","2026-03-21T14:01:37.851Z","published/folder_e58ec71fdf0b1339c9c7fe55/asset_90d31bc59dea6e64df99cdff.png","not_referenced|published_prefix|older_than_30d|etag_size_duplicate"
"published/folder_0f4831837b53cec8cdfe52d7/asset_62eae109a9749ad87ba1d049.png","525262","38b0c5ff89e79bb1948979c38b157a92","2026-03-21T14:11:12.258Z","published/folder_e58ec71fdf0b1339c9c7fe55/asset_4e732098cc093537ddd2101a.png","not_referenced|published_prefix|older_than_30d|etag_size_duplicate"
"published/folder_0f4831837b53cec8cdfe52d7/asset_64445937056749b873371296.png","666656","294590778821e7a21c5e10a0750ae815","2026-03-21T14:36:04.416Z","published/folder_e58ec71fdf0b1339c9c7fe55/asset_0c7ae551da2bd7d2456692b6.png","not_referenced|published_prefix|older_than_30d|etag_size_duplicate"
"published/folder_0f4831837b53cec8cdfe52d7/asset_648a559a9d344c13267abfcc.png","1136335","61f327c53febe4422de14c9e4cf86d2b","2026-03-21T14:13:24.292Z","published/folder_e58ec71fdf0b1339c9c7fe55/asset_8638e2ea71ad8e271aee5203.png","not_referenced|published_prefix|older_than_30d|etag_size_duplicate"
"published/folder_0f4831837b53cec8cdfe52d7/asset_65916cdf658b4d5f8c56d861.png","226840","b0fc2581f9181f019323c09c769b946c","2026-03-21T14:40:28.507Z","published/folder_e58ec71fdf0b1339c9c7fe55/asset_314d34b972b610c7c97c6105.png","not_referenced|published_prefix|older_than_30d|etag_size_duplicate"
"published/folder_0f4831837b53cec8cdfe52d7/asset_65cda6295fec81b5e82276c3.png","289778","4b07ffa8bf24829bd3c64987333cbedc","2026-03-21T13:58:55.945Z","published/folder_e58ec71fdf0b1339c9c7fe55/asset_4899ee2c111491bb7b9b4cee.png","not_referenced|published_prefix|older_than_30d|etag_size_duplicate"
"published/folder_0f4831837b53cec8cdfe52d7/asset_666431ac1b9a444f300f31e6.png","452299","89ac267db4d685e8842bfa07ad8e8cda","2026-03-21T14:17:02.826Z","published/folder_e58ec71fdf0b1339c9c7fe55/asset_fb4bd560cd4d11df78a56d11.png","not_referenced|published_prefix|older_than_30d|etag_size_duplicate"
"published/folder_0f4831837b53cec8cdfe52d7/asset_66bc81a7f32947bcf5bc0a69.png","525963","bd7cfce8a40989012a4fb14791281f97","2026-03-21T14:42:47.104Z","published/folder_e58ec71fdf0b1339c9c7fe55/asset_9c8b9248dbecd6a4a23e4608.png","not_referenced|published_prefix|older_than_30d|etag_size_duplicate"
"published/folder_0f4831837b53cec8cdfe52d7/asset_6737d865efbdefd2bf31122a.png","369282","887c3f1a2dc4ead12d2a23220088a8c7","2026-03-21T14:24:26.400Z","published/folder_e58ec71fdf0b1339c9c7fe55/asset_712964a2118dd0b0e95d8319.png","not_referenced|published_prefix|older_than_30d|etag_size_duplicate"
"published/folder_0f4831837b53cec8cdfe52d7/asset_6801255a4961671c7b677596.png","392595","1d860e8d7fd42878e78ad65dc582e2e4","2026-03-21T13:52:10.809Z","published/folder_e58ec71fdf0b1339c9c7fe55/asset_b4d0b6f7c3978ebcfb6a9fe6.png","not_referenced|published_prefix|older_than_30d|etag_size_duplicate"
"published/folder_0f4831837b53cec8cdfe52d7/asset_686404e997332903f7611482.png","679696","b796773ff642b96f6384e4575f576e55","2026-03-21T14:42:21.412Z","published/folder_e58ec71fdf0b1339c9c7fe55/asset_77c68a774d2e9d6977e45607.png","not_referenced|published_prefix|older_than_30d|etag_size_duplicate"
"published/folder_0f4831837b53cec8cdfe52d7/asset_68dc5e6165f36bd482df4057.png","949901","86c2152144d8c8017ae5542f507231d4","2026-03-21T14:16:31.010Z","published/folder_e58ec71fdf0b1339c9c7fe55/asset_5ee3b43d16037f3600e18764.png","not_referenced|published_prefix|older_than_30d|etag_size_duplicate"
"published/folder_0f4831837b53cec8cdfe52d7/asset_68e86dc7f208a078cf7ba023.png","95778","9783268cb409beb185bab84a0dc3ca7a","2026-03-21T14:34:01.617Z","published/folder_e58ec71fdf0b1339c9c7fe55/asset_a4d104409e51df1618ee3b0d.png","not_referenced|published_prefix|older_than_30d|etag_size_duplicate"
"published/folder_0f4831837b53cec8cdfe52d7/asset_692d6126f4d9328a8d5cae96.png","486044","b75861afec4af554d40381f5e1c58ef9","2026-03-21T14:42:10.612Z","published/folder_e58ec71fdf0b1339c9c7fe55/asset_993398c84218f8cd9ebc2399.png","not_referenced|published_prefix|older_than_30d|etag_size_duplicate"
"published/folder_0f4831837b53cec8cdfe52d7/asset_69a9bce96ebe32504dd746d9.png","304885","c1f78b4869386e8fd8d46f2806e97f3c","2026-03-21T14:43:53.718Z","published/folder_e58ec71fdf0b1339c9c7fe55/asset_29ef8f47b6b3d14318740730.png","not_referenced|published_prefix|older_than_30d|etag_size_duplicate"
"published/folder_0f4831837b53cec8cdfe52d7/asset_69bd9114dd9aee7b5d5fac7f.png","291992","10726b3f4b50920daf1f51f7c05c1e90","2026-03-21T14:28:31.724Z","published/folder_e58ec71fdf0b1339c9c7fe55/asset_c85f2d57f76334658172fbe7.png","not_referenced|published_prefix|older_than_30d|etag_size_duplicate"
"published/folder_0f4831837b53cec8cdfe52d7/asset_6a4b457244a155fc27fd28d7.png","820085","9d3973a4a61e433373b05a35dcb34a61","2026-03-21T14:07:33.035Z","published/folder_e58ec71fdf0b1339c9c7fe55/asset_a2cfe3279ad2ca01b4239546.png","not_referenced|published_prefix|older_than_30d|etag_size_duplicate"
"published/folder_0f4831837b53cec8cdfe52d7/asset_6b18f73699df7bf0aa5f7e62.png","327904","09a4732f73ba9342f74f011b56584743","2026-03-21T14:06:44.022Z","published/folder_e58ec71fdf0b1339c9c7fe55/asset_b68d8c2613f68782f33cb0d6.png","not_referenced|published_prefix|older_than_30d|etag_size_duplicate"
"published/folder_0f4831837b53cec8cdfe52d7/asset_6bdb421b08be40a3612625af.png","109761","aeb3c3c96d40ad60bf1fb4bbebb29005","2026-03-21T14:39:47.339Z","published/folder_e58ec71fdf0b1339c9c7fe55/asset_f3a6508432006df6a26d5153.png","not_referenced|published_prefix|older_than_30d|etag_size_duplicate"
"published/folder_0f4831837b53cec8cdfe52d7/asset_6c373000bd5ab462b8d1c99c.png","150954","2bea209d4b4e4205b10d34b0a976ac5c","2026-03-21T13:53:26.817Z","published/folder_e58ec71fdf0b1339c9c7fe55/asset_964dbdf8fca7a54b592809d9.png","not_referenced|published_prefix|older_than_30d|etag_size_duplicate"
"published/folder_0f4831837b53cec8cdfe52d7/asset_6c8872b46f1dbacac26bd2ea.png","350505","a414d1ae846555bad232d839aa5c4570","2026-03-21T14:37:52.679Z","published/folder_e58ec71fdf0b1339c9c7fe55/asset_264e7998149b2519548fb78f.png","not_referenced|published_prefix|older_than_30d|etag_size_duplicate"
"published/folder_0f4831837b53cec8cdfe52d7/asset_6cef6ec6897ada3d331c65a6.png","615231","0b0ed5e257df6eff43052a324e601fff","2026-03-21T13:49:58.440Z","published/folder_e58ec71fdf0b1339c9c7fe55/asset_db5a282ad4e4741910aaa51c.png","not_referenced|published_prefix|older_than_30d|etag_size_duplicate"
"published/folder_0f4831837b53cec8cdfe52d7/asset_6d13d20963f6c8bfd9b7b5aa.png","593956","64e65d85499310c788ac32a2c45543aa","2026-03-21T14:14:00.036Z","published/folder_e58ec71fdf0b1339c9c7fe55/asset_2f0968b9555bd26f61c81329.png","not_referenced|published_prefix|older_than_30d|etag_size_duplicate"
"published/folder_0f4831837b53cec8cdfe52d7/asset_6d27b05ad77a85962658650f.png","222500","923cb6299cad38435fde426563b3ade3","2026-03-21T14:24:55.949Z","published/folder_e58ec71fdf0b1339c9c7fe55/asset_3ed988cc357da321d81f2918.png","not_referenced|published_prefix|older_than_30d|etag_size_duplicate"
"published/folder_0f4831837b53cec8cdfe52d7/asset_6d56739af522c7076f6e11d3.png","1052927","37bec78f06afda8ca793a919a771399c","2026-03-21T14:11:07.180Z","published/folder_e58ec71fdf0b1339c9c7fe55/asset_b6bf73f49ce4a5a28cdb0c2f.png","not_referenced|published_prefix|older_than_30d|etag_size_duplicate"
"published/folder_0f4831837b53cec8cdfe52d7/asset_6d99984d762cc54664eceb83.png","630966","b3f5434b37bfe67e5f847fed2afeb2cf","2026-03-21T14:40:44.728Z","published/folder_e58ec71fdf0b1339c9c7fe55/asset_cd9cdb164873bead40f9b96e.png","not_referenced|published_prefix|older_than_30d|etag_size_duplicate"
"published/folder_0f4831837b53cec8cdfe52d7/asset_6dea0a93dfa171d6cff174dc.png","200525","7b8d09a8e59bd3e035a7c35663579721","2026-03-21T14:03:11.902Z","published/folder_e58ec71fdf0b1339c9c7fe55/asset_469c2f004f219f0726dc5c1d.png","not_referenced|published_prefix|older_than_30d|etag_size_duplicate"
"published/folder_0f4831837b53cec8cdfe52d7/asset_6e246b32bda02b9685fcf39e.png","68650","74916bd98539736d3b994f2ba02a8cee","2026-03-21T14:30:29.510Z","published/folder_e58ec71fdf0b1339c9c7fe55/asset_9bcc8754657f4667a021c223.png","not_referenced|published_prefix|older_than_30d|etag_size_duplicate"
"published/folder_0f4831837b53cec8cdfe52d7/asset_6f513b178a64276506031aea.png","564985","459a1586e007b6900b8ee5bc20cf6496","2026-03-21T14:20:50.796Z","published/folder_e58ec71fdf0b1339c9c7fe55/asset_44d856e9ef657c865a83fa13.png","not_referenced|published_prefix|older_than_30d|etag_size_duplicate"
"published/folder_0f4831837b53cec8cdfe52d7/asset_7051aeb61d579bbf9d8e4b90.png","66458","91101aa8e6f5f1d90a51c43f7f45e553","2026-03-21T14:31:16.598Z","published/folder_e58ec71fdf0b1339c9c7fe55/asset_4d97b4168a89b7890a4d8dfd.png","not_referenced|published_prefix|older_than_30d|etag_size_duplicate"
"published/folder_0f4831837b53cec8cdfe52d7/asset_7097d85bc59e839f5963f231.png","284969","2d3cde071a3dce9fc3a73df5eb3ca43f","2026-03-21T13:53:56.203Z","published/folder_e58ec71fdf0b1339c9c7fe55/asset_31c175cfff44d0344f66ccad.png","not_referenced|published_prefix|older_than_30d|etag_size_duplicate"
"published/folder_0f4831837b53cec8cdfe52d7/asset_715bba094c9d2ab4b2960833.png","677776","5ade5702dfa600960a83b4113beab379","2026-03-21T14:00:08.524Z","published/folder_e58ec71fdf0b1339c9c7fe55/asset_e263674554f83e99e77f17d4.png","not_referenced|published_prefix|older_than_30d|etag_size_duplicate"
"published/folder_0f4831837b53cec8cdfe52d7/asset_71b26953a1261676bd60962a.png","1369656","8ec1dbbf41e0a4e18150994a0855e46b","2026-03-21T14:06:05.677Z","published/folder_e58ec71fdf0b1339c9c7fe55/asset_b17a77c313308856b7eb7290.png","not_referenced|published_prefix|older_than_30d|etag_size_duplicate"
"published/folder_0f4831837b53cec8cdfe52d7/asset_72bec364719fa748df36128f.png","142171","4382bf8f977f6b266457cfd88bc1d498","2026-03-21T14:26:28.771Z","published/folder_e58ec71fdf0b1339c9c7fe55/asset_496fd1b76f2c53c64ccd900d.png","not_referenced|published_prefix|older_than_30d|etag_size_duplicate"
"published/folder_0f4831837b53cec8cdfe52d7/asset_73970d1f9019af994fa78e2a.png","354417","67d58f747dd0a02ebfb182d6da13bc17","2026-03-21T14:14:40.935Z","published/folder_e58ec71fdf0b1339c9c7fe55/asset_2f17b6bd57c6397a4268104b.png","not_referenced|published_prefix|older_than_30d|etag_size_duplicate"
"published/folder_0f4831837b53cec8cdfe52d7/asset_73e3e7eec86111457e9a81ec.png","197602","4cac7757325a0e93fc0d1a06cd64d15e","2026-03-21T13:59:06.559Z","published/folder_e58ec71fdf0b1339c9c7fe55/asset_c0bcfe3b4210242c5995fe7e.png","not_referenced|published_prefix|older_than_30d|etag_size_duplicate"
"published/folder_0f4831837b53cec8cdfe52d7/asset_751e75dc691578debed6ea7f.png","754389","9d6e6f44cfaeb1b2fa67f5c5470edb6d","2026-03-21T14:07:22.762Z","published/folder_e58ec71fdf0b1339c9c7fe55/asset_b1d1409db0d6e4760cb6fc3d.png","not_referenced|published_prefix|older_than_30d|etag_size_duplicate"
"published/folder_0f4831837b53cec8cdfe52d7/asset_75464c4366cf413ea624402d.png","93661","15907ae116f16e1eb6e7c02a61350c30","2026-03-21T14:28:48.774Z","published/folder_e58ec71fdf0b1339c9c7fe55/asset_3edeb913d483b626d6d8356a.png","not_referenced|published_prefix|older_than_30d|etag_size_duplicate"
"published/folder_0f4831837b53cec8cdfe52d7/asset_75cfd2e86c6c3adfa862b266.png","517638","b86487a473d71c8ea0110292e819be7a","2026-03-21T14:42:16.156Z","published/folder_e58ec71fdf0b1339c9c7fe55/asset_ece17ca9031f1d07f556fd89.png","not_referenced|published_prefix|older_than_30d|etag_size_duplicate"
"published/folder_0f4831837b53cec8cdfe52d7/asset_76398a660a76d7c92092cd12.png","1260951","5e726264d0ff1f18170e26b8bc11ba17","2026-03-21T14:01:07.255Z","published/folder_e58ec71fdf0b1339c9c7fe55/asset_bdadfe06e3926041f03544e7.png","not_referenced|published_prefix|older_than_30d|etag_size_duplicate"
"published/folder_0f4831837b53cec8cdfe52d7/asset_771e77156de60a6f01edaa6c.png","34201","97c6958ce12a91df949b9631b3f8eed6","2026-03-21T14:18:49.855Z","published/folder_e58ec71fdf0b1339c9c7fe55/asset_a8e33befbc45fd6b253b1135.png","not_referenced|published_prefix|older_than_30d|etag_size_duplicate"
"published/folder_0f4831837b53cec8cdfe52d7/asset_773e6ee34cf9a5cbefbddcfb.png","836836","b7e10f8a40e3e76d0f489c9f68022f3b","2026-03-21T14:40:58.887Z","published/folder_e58ec71fdf0b1339c9c7fe55/asset_435f4ae3fb71c72372b8f185.png","not_referenced|published_prefix|older_than_30d|etag_size_duplicate"
"published/folder_0f4831837b53cec8cdfe52d7/asset_776b3cf6e89be3c2607069ba.png","377376","a2d27083deeca94e5d340aeac29cd313","2026-03-21T14:36:57.903Z","published/folder_e58ec71fdf0b1339c9c7fe55/asset_f0bb34955516afef22a13ac1.png","not_referenced|published_prefix|older_than_30d|etag_size_duplicate"
"published/folder_0f4831837b53cec8cdfe52d7/asset_7778e4e1d49195a1181dc1a7.png","227303","a2a1e877d4451be303f85b19bd236d55","2026-03-21T14:36:50.751Z","published/folder_e58ec71fdf0b1339c9c7fe55/asset_6d222e841ef7e301eb9d1e30.png","not_referenced|published_prefix|older_than_30d|etag_size_duplicate"
"published/folder_0f4831837b53cec8cdfe52d7/asset_77a41d48afdc1f51ef5ec5a4.png","383615","1e6754e8f07e05423077d7a5c57f1857","2026-03-21T13:52:15.525Z","published/folder_e58ec71fdf0b1339c9c7fe55/asset_260448dc6394eec495ebc91e.png","not_referenced|published_prefix|older_than_30d|etag_size_duplicate"
"published/folder_0f4831837b53cec8cdfe52d7/asset_7828d5cd28cca9637bd8f54b.png","437709","95907f23498e0806f7ac4060cfea5827","2026-03-21T14:31:25.454Z","published/folder_e58ec71fdf0b1339c9c7fe55/asset_c787f92d0c75f5fe3dee86e8.png","not_referenced|published_prefix|older_than_30d|etag_size_duplicate"
"published/folder_0f4831837b53cec8cdfe52d7/asset_782a00ec31973a87b11ed3a0.png","1418222","2d52323950864a1f882cdea666ece161","2026-03-21T13:54:11.764Z","published/folder_e58ec71fdf0b1339c9c7fe55/asset_218a116393715d8250cdb4fb.png","not_referenced|published_prefix|older_than_30d|etag_size_duplicate"
"published/folder_0f4831837b53cec8cdfe52d7/asset_7886d001186d24c6f1fa3342.png","310601","50322f7f995bbb50539ae2558d525683","2026-03-21T14:29:27.577Z","published/folder_e58ec71fdf0b1339c9c7fe55/asset_48cca5d8a45925f6796c71fc.png","not_referenced|published_prefix|older_than_30d|etag_size_duplicate"
"published/folder_0f4831837b53cec8cdfe52d7/asset_79005afb369e1a1fc3d44180.png","762019","884ea3d5d0d9904a8f874451500c14a2","2026-03-21T14:24:22.156Z","published/folder_e58ec71fdf0b1339c9c7fe55/asset_2afeed377b3fd021508bced0.png","not_referenced|published_prefix|older_than_30d|etag_size_duplicate"
"published/folder_0f4831837b53cec8cdfe52d7/asset_79121f4ebee0f4b3059aa060.png","303802","9b7a5875734638318a242e8a8368ed9f","2026-03-21T14:07:00.218Z","published/folder_e58ec71fdf0b1339c9c7fe55/asset_ff433588970cae2572cea5a8.png","not_referenced|published_prefix|older_than_30d|etag_size_duplicate"
"published/folder_0f4831837b53cec8cdfe52d7/asset_79b5c14bd4f8078041803b74.png","706418","804c04fbdec0d532b5f6e7010b22d4c4","2026-03-21T14:23:57.711Z","published/folder_e58ec71fdf0b1339c9c7fe55/asset_86447a52760a43888f4752ea.png","not_referenced|published_prefix|older_than_30d|etag_size_duplicate"
"published/folder_0f4831837b53cec8cdfe52d7/asset_79e8e645b48eb33a28798747.png","854621","2eb9d6eb722ca679436bc6d45dafb533","2026-03-21T13:54:38.387Z","published/folder_e58ec71fdf0b1339c9c7fe55/asset_c08af55d2cd87ea92806d417.png","not_referenced|published_prefix|older_than_30d|etag_size_duplicate"
"published/folder_0f4831837b53cec8cdfe52d7/asset_7b5f266311e811828ec10cd5.png","800119","552648bfcf91176d119a6e2d5510b8ce","2026-03-21T14:32:24.050Z","published/folder_e58ec71fdf0b1339c9c7fe55/asset_57c702913e821b6e6b69f2f6.png","not_referenced|published_prefix|older_than_30d|etag_size_duplicate"
"published/folder_0f4831837b53cec8cdfe52d7/asset_7d8515e0a31a8db56b182143.png","2910739","aed72ba239083516f0a26cb201e57bf1","2026-03-21T14:40:08.573Z","published/folder_e58ec71fdf0b1339c9c7fe55/asset_0611191d338602cd10d2493a.png","not_referenced|published_prefix|older_than_30d|etag_size_duplicate"
"published/folder_0f4831837b53cec8cdfe52d7/asset_7de38ce97d06a4834d90716c.png","1005164","6c071f32d831b09e723d1bc4c20baa88","2026-03-21T14:02:08.927Z","published/folder_e58ec71fdf0b1339c9c7fe55/asset_ea76d8f0808e8463611cd1cd.png","not_referenced|published_prefix|older_than_30d|etag_size_duplicate"
"published/folder_0f4831837b53cec8cdfe52d7/asset_7e43a25dd6bd291d3a0ba6f8.png","583691","85482b0ade1a53b7f5a0ef856b6d4ac0","2026-03-21T14:30:56.252Z","published/folder_e58ec71fdf0b1339c9c7fe55/asset_50f2f7c668e24775079e7676.png","not_referenced|published_prefix|older_than_30d|etag_size_duplicate"
"published/folder_0f4831837b53cec8cdfe52d7/asset_7e65582aa06b5c3cf0cf4082.png","213677","2c4fc87cd821643e47969f61a4ec6726","2026-03-21T13:53:30.691Z","published/folder_e58ec71fdf0b1339c9c7fe55/asset_94f21c94934dbe8fc791cd29.png","not_referenced|published_prefix|older_than_30d|etag_size_duplicate"
"published/folder_0f4831837b53cec8cdfe52d7/asset_7e81e17e34a0f23ce7775eb2.png","352497","024aacddad40c5d11ef07a6243dfe1df","2026-03-21T14:09:30.652Z","published/folder_e58ec71fdf0b1339c9c7fe55/asset_2905cae55971046f92906b9a.png","not_referenced|published_prefix|older_than_30d|etag_size_duplicate"
"published/folder_0f4831837b53cec8cdfe52d7/asset_7eeb96144d94834f407216fb.png","959350","abb01c86ddc80e6f4397e6017a26da0d","2026-03-21T14:38:49.768Z","published/folder_e58ec71fdf0b1339c9c7fe55/asset_1875bc5f1202060daf7fb0ed.png","not_referenced|published_prefix|older_than_30d|etag_size_duplicate"
"published/folder_0f4831837b53cec8cdfe52d7/asset_7ef305e82f2edba3bcbbac9e.png","1147699","1936baa5ce9af6119f66eda62366d523","2026-03-21T14:25:53.289Z","published/folder_e58ec71fdf0b1339c9c7fe55/asset_b47d363c5f7b56e831016d6f.png","not_referenced|published_prefix|older_than_30d|etag_size_duplicate"
"published/folder_0f4831837b53cec8cdfe52d7/asset_7f245d78a9050420874e06bd.png","970488","6b9354fbace88b04d9034e35b4b8e5cf","2026-03-21T14:01:59.729Z","published/folder_e58ec71fdf0b1339c9c7fe55/asset_11d3ababa30e1cf28af58029.png","not_referenced|published_prefix|older_than_30d|etag_size_duplicate"
"published/folder_0f4831837b53cec8cdfe52d7/asset_807317f03bce597dd9008d1a.png","256604","8be92f620fcfc7c159718ca99e81fea6","2026-03-21T14:05:37.797Z","published/folder_e58ec71fdf0b1339c9c7fe55/asset_71fa1c0e5af2870b821d2ae6.png","not_referenced|published_prefix|older_than_30d|etag_size_duplicate"
"published/folder_0f4831837b53cec8cdfe52d7/asset_80b885d17825c2fa4fe52310.png","2482677","11406b2bc2327e106fcc24eb416e68de","2026-03-21T14:28:44.933Z","published/folder_e58ec71fdf0b1339c9c7fe55/asset_c13def89bc6332b9d7905c4c.png","not_referenced|published_prefix|older_than_30d|etag_size_duplicate"
"published/folder_0f4831837b53cec8cdfe52d7/asset_80ec593c66dfdd9b05ba8181.png","597858","2dcf143a00cc150e3c7cff5ec8704c3f","2026-03-21T13:54:16.703Z","published/folder_e58ec71fdf0b1339c9c7fe55/asset_fc3058d4097b6662a49d91a4.png","not_referenced|published_prefix|older_than_30d|etag_size_duplicate"
"published/folder_0f4831837b53cec8cdfe52d7/asset_80fcc777470d2dee6ee28737.png","307991","97e7e6b685a10046dff80a7ad72af9a6","2026-03-21T14:18:54.050Z","published/folder_e58ec71fdf0b1339c9c7fe55/asset_0e628d272572838955f7032f.png","not_referenced|published_prefix|older_than_30d|etag_size_duplicate"
"published/folder_0f4831837b53cec8cdfe52d7/asset_81575f6de70e7d1b79e59ebc.png","313784","b9842d1ffa534708d3d1182fff1bfdda","2026-03-21T14:41:56.893Z","published/folder_e58ec71fdf0b1339c9c7fe55/asset_b1b9ef39591ad702eb597437.png","not_referenced|published_prefix|older_than_30d|etag_size_duplicate"
"published/folder_0f4831837b53cec8cdfe52d7/asset_81dd491c2c329e229e158139.png","71588","8513d38a778b74af7f8970295943832c","2026-03-21T14:27:46.698Z","published/folder_e58ec71fdf0b1339c9c7fe55/asset_13d521b6bb95410ed876398c.png","not_referenced|published_prefix|older_than_30d|etag_size_duplicate"
"published/folder_0f4831837b53cec8cdfe52d7/asset_832f2d001e615c48114c5b34.png","341236","6a535c9569e23393637de6b2c98c7e21","2026-03-21T14:01:22.653Z","published/folder_e58ec71fdf0b1339c9c7fe55/asset_605d5d2de0d0a0418072eb9b.png","not_referenced|published_prefix|older_than_30d|etag_size_duplicate"
"published/folder_0f4831837b53cec8cdfe52d7/asset_83ef88656f7de24bac484e7a.png","621774","61a89b5537f2e3f813aa5d5330bfb3c2","2026-03-21T14:13:15.630Z","published/folder_e58ec71fdf0b1339c9c7fe55/asset_3921e8a4181df9422b4e493d.png","not_referenced|published_prefix|older_than_30d|etag_size_duplicate"
"published/folder_0f4831837b53cec8cdfe52d7/asset_8490f58c5d1075ea5b98d1bf.png","72073","7df4e51fabf8b1d0c6610ef0f44ae39b","2026-03-21T14:04:30.494Z","published/folder_e58ec71fdf0b1339c9c7fe55/asset_daea0d2ee6873fe3b596912c.png","not_referenced|published_prefix|older_than_30d|etag_size_duplicate"
"published/folder_0f4831837b53cec8cdfe52d7/asset_84b0438b550384d8597ff309.png","227065","7828843ef3f9d714a211a14fb773a4d4","2026-03-21T14:33:52.782Z","published/folder_e58ec71fdf0b1339c9c7fe55/asset_d85c90d3e2ea8626ed770cfb.png","not_referenced|published_prefix|older_than_30d|etag_size_duplicate"
"published/folder_0f4831837b53cec8cdfe52d7/asset_84dfe70360046a7d7bb04a84.png","686781","c0c33cb8173c9a4ac865bfd665d44e00","2026-03-21T14:43:35.106Z","published/folder_e58ec71fdf0b1339c9c7fe55/asset_923ca8c0b5aace4c11f0e727.png","not_referenced|published_prefix|older_than_30d|etag_size_duplicate"
"published/folder_0f4831837b53cec8cdfe52d7/asset_8537cbe6dcd4b8e9354c0940.png","671658","4fd11c6a6b155ee8b8f09c98ea6d4cb5","2026-03-21T13:59:54.657Z","published/folder_e58ec71fdf0b1339c9c7fe55/asset_f4f2396a185259411f795c5e.png","not_referenced|published_prefix|older_than_30d|etag_size_duplicate"
"published/folder_0f4831837b53cec8cdfe52d7/asset_864dbf9295c7f849097fa2ef.png","46173","c62f73951bb4a4d72477a019bcff6fd8","2026-03-21T14:45:44.796Z","published/folder_e58ec71fdf0b1339c9c7fe55/asset_7ef5a1a13475d9700a5ea599.png","not_referenced|published_prefix|older_than_30d|etag_size_duplicate"
"published/folder_0f4831837b53cec8cdfe52d7/asset_86e60e999d0234bc809d20d2.png","226798","1aceefa3174c6b2692ee02077d6e58c8","2026-03-21T13:51:39.725Z","published/folder_e58ec71fdf0b1339c9c7fe55/asset_72142a10b72fcaac3fc52a2d.png","not_referenced|published_prefix|older_than_30d|etag_size_duplicate"
"published/folder_0f4831837b53cec8cdfe52d7/asset_876ede53a013afca355d5ee5.png","315500","586de85f3e8da1c12be812cf4adc7df5","2026-03-21T14:21:53.019Z","published/folder_e58ec71fdf0b1339c9c7fe55/asset_28e1d55e9a1a73cc464a73eb.png","not_referenced|published_prefix|older_than_30d|etag_size_duplicate"
"published/folder_0f4831837b53cec8cdfe52d7/asset_877b66130a1f58f9b2c00a1c.png","12973","49f444e49cdb146636e8e65de0645a25","2026-03-21T14:11:58.297Z","published/folder_e58ec71fdf0b1339c9c7fe55/asset_916a760a731603479948c265.png","not_referenced|published_prefix|older_than_30d|etag_size_duplicate"
"published/folder_0f4831837b53cec8cdfe52d7/asset_87937cb63833268e4fa6c8c0.png","378146","43db87a84ce9eed46b2b7b865c5bb28d","2026-03-21T14:11:30.852Z","published/folder_e58ec71fdf0b1339c9c7fe55/asset_dfca16a9b3a4aaa10a5ef46d.png","not_referenced|published_prefix|older_than_30d|etag_size_duplicate"
"published/folder_0f4831837b53cec8cdfe52d7/asset_8799223393010bce11f0077f.png","531190","782f1b764a82b9ffa4fd2f3dbb866a8e","2026-03-21T14:23:52.334Z","published/folder_e58ec71fdf0b1339c9c7fe55/asset_cbc1852c8f76e112601bdfd2.png","not_referenced|published_prefix|older_than_30d|etag_size_duplicate"
"published/folder_0f4831837b53cec8cdfe52d7/asset_881e41fa358b5f9d66bc1310.png","90043","b053dada3aec34c6b9b4f2ba28560800","2026-03-21T14:41:32.769Z","published/folder_e58ec71fdf0b1339c9c7fe55/asset_a9835d32353bfb88d10421c3.png","not_referenced|published_prefix|older_than_30d|etag_size_duplicate"
"published/folder_0f4831837b53cec8cdfe52d7/asset_883bd79f5d00f0ea32959c01.png","301051","130d41a5978a1b2bce595a81872c400e","2026-03-21T14:19:19.534Z","published/folder_e58ec71fdf0b1339c9c7fe55/asset_dadb4a7170f24349a0f3befb.png","not_referenced|published_prefix|older_than_30d|etag_size_duplicate"
"published/folder_0f4831837b53cec8cdfe52d7/asset_89751d155a5410a251cf48f9.png","449023","32e6f39f3f6379f1cd4031222c97a3f2","2026-03-21T14:10:33.452Z","published/folder_e58ec71fdf0b1339c9c7fe55/asset_e8db0346cc71a38d0034d43d.png","not_referenced|published_prefix|older_than_30d|etag_size_duplicate"
"published/folder_0f4831837b53cec8cdfe52d7/asset_8984df8126fc7daa333a3678.png","396963","8777faf46f45846db4224bd775d9f6b9","2026-03-21T14:28:01.392Z","published/folder_e58ec71fdf0b1339c9c7fe55/asset_4c4ddecc13eba9188bf0b921.png","not_referenced|published_prefix|older_than_30d|etag_size_duplicate"
"published/folder_0f4831837b53cec8cdfe52d7/asset_89850fd20d71d521f9150469.png","1032418","ac1e6205e3d548ec29df4807cbd14d70","2026-03-21T14:39:11.212Z","published/folder_e58ec71fdf0b1339c9c7fe55/asset_8fe3b57c56ed4afad05fd12c.png","not_referenced|published_prefix|older_than_30d|etag_size_duplicate"
"published/folder_0f4831837b53cec8cdfe52d7/asset_8a28453d29bb8f41697cd485.png","1404907","4b0f6cd356452902789a5f1a1a7a106e","2026-03-21T13:58:44.390Z","published/folder_e58ec71fdf0b1339c9c7fe55/asset_93e58cf874d0af47f73b7986.png","not_referenced|published_prefix|older_than_30d|etag_size_duplicate"
"published/folder_0f4831837b53cec8cdfe52d7/asset_8a85441a27df160a7686afce.png","15514","95ca9ed3eaecbcd818892bf6c5f42109","2026-03-21T14:18:41.511Z","published/folder_e58ec71fdf0b1339c9c7fe55/asset_f73d59b501e4c1b926415470.png","not_referenced|published_prefix|older_than_30d|etag_size_duplicate"
"published/folder_0f4831837b53cec8cdfe52d7/asset_8a95b8d24cc8bfd0be1e15bd.png","276758","764ffb9d4fc579f1c05eae77af3f713b","2026-03-21T14:23:36.028Z","published/folder_e58ec71fdf0b1339c9c7fe55/asset_3c3f8721ae80869c12116a57.png","not_referenced|published_prefix|older_than_30d|etag_size_duplicate"
"published/folder_0f4831837b53cec8cdfe52d7/asset_8b28911fb37799c05eba2787.png","335102","95771d05e7df1bdc6c3784e54cca78cb","2026-03-21T14:31:20.743Z","published/folder_e58ec71fdf0b1339c9c7fe55/asset_a6278e0af1e448981af86364.png","not_referenced|published_prefix|older_than_30d|etag_size_duplicate"
"published/folder_0f4831837b53cec8cdfe52d7/asset_8b33b58bc846aead4573f2c3.png","838650","781e09db34dc147022c3701951f5566c","2026-03-21T14:23:47.236Z","published/folder_e58ec71fdf0b1339c9c7fe55/asset_1ecb6cb1b8c1b06d8414a470.png","not_referenced|published_prefix|older_than_30d|etag_size_duplicate"
"published/folder_0f4831837b53cec8cdfe52d7/asset_8b39f95cbabca4dd5ac633fc.png","309565","8455cc6aebea1b7313613e81805d122d","2026-03-21T14:27:41.828Z","published/folder_e58ec71fdf0b1339c9c7fe55/asset_1b37ffc0b1f2ca32be3cbeff.png","not_referenced|published_prefix|older_than_30d|etag_size_duplicate"
"published/folder_0f4831837b53cec8cdfe52d7/asset_8b89a8800244d79a5e3d9a96.png","2274835","bf2e8bded02c2ec4ec2494a36becc41b","2026-03-21T14:43:19.229Z","published/folder_e58ec71fdf0b1339c9c7fe55/asset_543324a34b0690880a0ae2f0.png","not_referenced|published_prefix|older_than_30d|etag_size_duplicate"
"published/folder_0f4831837b53cec8cdfe52d7/asset_8c575680cf54fe053579579e.png","514673","2edb443a2a0588c7a8069337966c6fab","2026-03-21T13:54:43.322Z","published/folder_e58ec71fdf0b1339c9c7fe55/asset_3dc0f85364432ff473216430.png","not_referenced|published_prefix|older_than_30d|etag_size_duplicate"
"published/folder_0f4831837b53cec8cdfe52d7/asset_8cae563ba169c4bdb2c5565e.png","286855","4f5792316760a7685335d0588028b815","2026-03-21T13:59:48.919Z","published/folder_e58ec71fdf0b1339c9c7fe55/asset_41d185286981132d6988f673.png","not_referenced|published_prefix|older_than_30d|etag_size_duplicate"
"published/folder_0f4831837b53cec8cdfe52d7/asset_8cd46e5a2e299a3cc387b474.png","353416","afb6881816230ff84689d9dc7022318d","2026-03-21T14:40:23.432Z","published/folder_e58ec71fdf0b1339c9c7fe55/asset_f160ec0696ac0009c3980c08.png","not_referenced|published_prefix|older_than_30d|etag_size_duplicate"
"published/folder_0f4831837b53cec8cdfe52d7/asset_8d6ce2718054038a0475f8ed.png","577320","773a5e142e0c5a0233d36b4827f83aac","2026-03-21T14:23:41.304Z","published/folder_e58ec71fdf0b1339c9c7fe55/asset_a5a0bfdf70614e32701e59de.png","not_referenced|published_prefix|older_than_30d|etag_size_duplicate"
"published/folder_0f4831837b53cec8cdfe52d7/asset_8dd86652508bc0096d2f4784.png","72308","0c6762ea53b86c4c9480993bc6875bf8","2026-03-21T13:50:27.181Z","published/folder_e58ec71fdf0b1339c9c7fe55/asset_4322081a70ed638ca684b48b.png","not_referenced|published_prefix|older_than_30d|etag_size_duplicate"
"published/folder_0f4831837b53cec8cdfe52d7/asset_8dddba0184aeea474d91e0ce.png","635337","978cfd01090419417e1f1bbd65f82480","2026-03-21T14:25:08.079Z","published/folder_e58ec71fdf0b1339c9c7fe55/asset_74cca390655289003b1d1a85.png","not_referenced|published_prefix|older_than_30d|etag_size_duplicate"
"published/folder_0f4831837b53cec8cdfe52d7/asset_8e10386dad3eb8cc9ec5bcf1.png","329457","2d6cb3a1d7bfddde9cc50dfb2c2f9e54","2026-03-21T13:54:00.495Z","published/folder_e58ec71fdf0b1339c9c7fe55/asset_f7821c388b881ddd3cbe416b.png","not_referenced|published_prefix|older_than_30d|etag_size_duplicate"
"published/folder_0f4831837b53cec8cdfe52d7/asset_8e342abdf8ac7bd217be28c3.png","194191","1c1166b8533458431cc499cc64241ef1","2026-03-21T13:52:02.031Z","published/folder_e58ec71fdf0b1339c9c7fe55/asset_95b1178fe5542e742a57662f.png","not_referenced|published_prefix|older_than_30d|etag_size_duplicate"
"published/folder_0f4831837b53cec8cdfe52d7/asset_8e98e8aaa803b813cfa5dbf4.png","426391","1ec674f0b37681a9c4d017485ca58aa5","2026-03-21T13:52:27.642Z","published/folder_e58ec71fdf0b1339c9c7fe55/asset_e5b40fd9ffc35dda0469ebcd.png","not_referenced|published_prefix|older_than_30d|etag_size_duplicate"
"published/folder_0f4831837b53cec8cdfe52d7/asset_8ee1452d4acb7949df199e2b.png","344053","3536edbb4f56f23b25b115900978f6bf","2026-03-21T14:26:09.341Z","published/folder_e58ec71fdf0b1339c9c7fe55/asset_2228705c431fc08071099118.png","not_referenced|published_prefix|older_than_30d|etag_size_duplicate"
"published/folder_0f4831837b53cec8cdfe52d7/asset_8ee1eae232ba15c19121e1aa.jpg","50808","75fde2b8ac676ec06d16c7ba56985764","2026-03-21T14:15:37.810Z","published/folder_e58ec71fdf0b1339c9c7fe55/asset_a1097cea868231c3668d64d7.jpg","not_referenced|published_prefix|older_than_30d|etag_size_duplicate"
"published/folder_0f4831837b53cec8cdfe52d7/asset_8f29b01d0b6c48a959d2a2b0.png","409628","b42e8d1fac403e027af3d467c57f4b97","2026-03-21T14:41:23.580Z","published/folder_e58ec71fdf0b1339c9c7fe55/asset_08b77553e2862fe415d752b7.png","not_referenced|published_prefix|older_than_30d|etag_size_duplicate"
"published/folder_0f4831837b53cec8cdfe52d7/asset_8f666ed6047743ecd4e3a098.png","56210","951758bfcea4ed0a4889e29afc7e5e08","2026-03-21T14:33:31.024Z","published/folder_e58ec71fdf0b1339c9c7fe55/asset_877cddc1e90c6359c839922c.png","not_referenced|published_prefix|older_than_30d|etag_size_duplicate"
"published/folder_0f4831837b53cec8cdfe52d7/asset_8fb522ea609f41053c2023c0.png","1438991","3b57fc4ed0d370e07a516aa43db891a3","2026-03-21T13:55:39.659Z","published/folder_e58ec71fdf0b1339c9c7fe55/asset_2c1452cba6f1f9419326242a.png","not_referenced|published_prefix|older_than_30d|etag_size_duplicate"
"published/folder_0f4831837b53cec8cdfe52d7/asset_900d546a57e728cab4d4dc98.png","446516","aa64e661b138cf54c10076d6fc2114c4","2026-03-21T14:38:43.991Z","published/folder_e58ec71fdf0b1339c9c7fe55/asset_0d905dbb54dfc2567b5ff0ba.png","not_referenced|published_prefix|older_than_30d|etag_size_duplicate"
"published/folder_0f4831837b53cec8cdfe52d7/asset_905928dee47aff473e8cbd35.png","73496","0ffc5a2e51603a51a4ca609560517266","2026-03-21T13:51:25.306Z","published/folder_e58ec71fdf0b1339c9c7fe55/asset_4b29dfb9d42b70e0c42d4ed4.png","not_referenced|published_prefix|older_than_30d|etag_size_duplicate"
"published/folder_0f4831837b53cec8cdfe52d7/asset_90cdf79602624b683f2613fc.png","401205","3416f3c8088258abe8ba2948461654b9","2026-03-21T14:26:05.356Z","published/folder_e58ec71fdf0b1339c9c7fe55/asset_a047c64c0b6fce93b7029982.png","not_referenced|published_prefix|older_than_30d|etag_size_duplicate"
"published/folder_0f4831837b53cec8cdfe52d7/asset_912991c652d256448c9dcf5f.png","412680","c7ef4cc6e83b3735df667c2fc47c37fd","2026-03-21T14:44:41.151Z","published/folder_e58ec71fdf0b1339c9c7fe55/asset_d67ac448d072f9806adbf488.png","not_referenced|published_prefix|older_than_30d|etag_size_duplicate"
"published/folder_0f4831837b53cec8cdfe52d7/asset_913eb2b67cd4731927c52e63.png","342951","867bc8a85d9263351f9883efc72da51d","2026-03-21T14:24:17.270Z","published/folder_e58ec71fdf0b1339c9c7fe55/asset_3ab4f51b8e4e3bc656134752.png","not_referenced|published_prefix|older_than_30d|etag_size_duplicate"
"published/folder_0f4831837b53cec8cdfe52d7/asset_91483fc312e40a4f27ace501.png","532102","497e18aefd7cc077530747963c7ad185","2026-03-21T14:21:02.810Z","published/folder_e58ec71fdf0b1339c9c7fe55/asset_5d94d6a85a46e6281e708557.png","not_referenced|published_prefix|older_than_30d|etag_size_duplicate"
"published/folder_0f4831837b53cec8cdfe52d7/asset_91f697e34671ca49ce0f81b2.png","432925","a3bff78e40ccb0e5f09a78813e1d3d31","2026-03-21T14:37:05.321Z","published/folder_e58ec71fdf0b1339c9c7fe55/asset_1c8a81ea8f0b21d8bd3cdf3c.png","not_referenced|published_prefix|older_than_30d|etag_size_duplicate"
"published/folder_0f4831837b53cec8cdfe52d7/asset_92012e46937c9152eaacc46c.png","396349","9aa1254e08e0e657fceed8784fe5b632","2026-03-21T14:06:48.198Z","published/folder_e58ec71fdf0b1339c9c7fe55/asset_6831381e8410d3fd289d8483.png","not_referenced|published_prefix|older_than_30d|etag_size_duplicate"
"published/folder_0f4831837b53cec8cdfe52d7/asset_922a521a24c93747fd69a753.png","238095","916673218c99ef71694525bdac19049b","2026-03-21T14:35:15.793Z","published/folder_e58ec71fdf0b1339c9c7fe55/asset_c6581fb76c1c5d94d64f9401.png","not_referenced|published_prefix|older_than_30d|etag_size_duplicate"
"published/folder_0f4831837b53cec8cdfe52d7/asset_92762fae36b5097d74a6912a.png","646235","77fe290d27b943ee7e1d9bf501f11f94","2026-03-21T14:15:43.412Z","published/folder_e58ec71fdf0b1339c9c7fe55/asset_1c64ed7ea0c8a4dd820ea8bb.png","not_referenced|published_prefix|older_than_30d|etag_size_duplicate"
"published/folder_0f4831837b53cec8cdfe52d7/asset_9284bdd6fbd4d577ee5b2b50.png","1441048","09faa03e5b0e811d2f2b282ded24d287","2026-03-21T14:07:54.874Z","published/folder_e58ec71fdf0b1339c9c7fe55/asset_c5e160e5aabfffd11464cc96.png","not_referenced|published_prefix|older_than_30d|etag_size_duplicate"
"published/folder_0f4831837b53cec8cdfe52d7/asset_92cbffb4720367f40c70bd60.png","780166","4c21bff3e1c88f43fa0420583a207308","2026-03-21T13:59:01.831Z","published/folder_e58ec71fdf0b1339c9c7fe55/asset_3c97e18afce3f281a1f7a4fb.png","not_referenced|published_prefix|older_than_30d|etag_size_duplicate"
"published/folder_0f4831837b53cec8cdfe52d7/asset_9438d925e7aa0efa54519255.png","112358","125bcae2f9b5d447c85e01cb690638e5","2026-03-21T14:19:09.371Z","published/folder_e58ec71fdf0b1339c9c7fe55/asset_14497acd735f6e454c43eb00.png","not_referenced|published_prefix|older_than_30d|etag_size_duplicate"
"published/folder_0f4831837b53cec8cdfe52d7/asset_949fa0d91613fdc134e8914f.png","659433","c15fbfa258976903847fe55faf290139","2026-03-21T14:45:21.838Z","published/folder_e58ec71fdf0b1339c9c7fe55/asset_c550d99a74a50a2f4c2c0cf2.png","not_referenced|published_prefix|older_than_30d|etag_size_duplicate"
"published/folder_0f4831837b53cec8cdfe52d7/asset_95b5fdc298b61d7d00f2c5e9.png","577212","9ffd7c01ce62b3a31b35c87d1f89dfe2","2026-03-21T14:08:08.923Z","published/folder_e58ec71fdf0b1339c9c7fe55/asset_4ec18ef512b6dd59dc5d1732.png","not_referenced|published_prefix|older_than_30d|etag_size_duplicate"
"published/folder_0f4831837b53cec8cdfe52d7/asset_96aaa36f5d0856be5992827b.png","1389649","c834decf2711db5351a47ebca711d3fe","2026-03-21T14:46:07.785Z","published/folder_e58ec71fdf0b1339c9c7fe55/asset_ff400992aa9059e8bfc806d4.png","not_referenced|published_prefix|older_than_30d|etag_size_duplicate"
"published/folder_0f4831837b53cec8cdfe52d7/asset_96dba97af98043c6711a7b95.png","304658","0dfacc4f441896f7d1c3913e427d0889","2026-03-21T13:50:51.082Z","published/folder_e58ec71fdf0b1339c9c7fe55/asset_4926371078570db8ce8bb2a4.png","not_referenced|published_prefix|older_than_30d|etag_size_duplicate"
"published/folder_0f4831837b53cec8cdfe52d7/asset_973c6c5c6876eab6e17685da.png","650706","10735e477c393fc12d92cd301ce82d11","2026-03-21T14:28:38.335Z","published/folder_e58ec71fdf0b1339c9c7fe55/asset_32695fc6310caf03db06591d.png","not_referenced|published_prefix|older_than_30d|etag_size_duplicate"
"published/folder_0f4831837b53cec8cdfe52d7/asset_974daa138025e3604329115e.png","97965","15f390e795369d2382a7f07e2e7099ec","2026-03-21T14:08:31.429Z","published/folder_e58ec71fdf0b1339c9c7fe55/asset_91f9f94bf72c7c7b87b73e61.png","not_referenced|published_prefix|older_than_30d|etag_size_duplicate"
"published/folder_0f4831837b53cec8cdfe52d7/asset_97a329061ac87cb3c1930696.png","86624","8f9a1c26557043c599a6d4b6a8bae88a","2026-03-21T14:06:26.212Z","published/folder_e58ec71fdf0b1339c9c7fe55/asset_f46c705edb8c1642c766fbd1.png","not_referenced|published_prefix|older_than_30d|etag_size_duplicate"
"published/folder_0f4831837b53cec8cdfe52d7/asset_97abd95ded36975349f0c41c.png","761689","50dde78c450550f69211f0bcd56185c5","2026-03-21T14:12:09.455Z","published/folder_e58ec71fdf0b1339c9c7fe55/asset_9ff3047fc13ef876601f4596.png","not_referenced|published_prefix|older_than_30d|etag_size_duplicate"
"published/folder_0f4831837b53cec8cdfe52d7/asset_9808c4e3d53b593a6f182544.png","323001","30e9942294106c86b72c52a3039dea36","2026-03-21T14:10:12.920Z","published/folder_e58ec71fdf0b1339c9c7fe55/asset_539dc129c466e0abb76e4679.png","not_referenced|published_prefix|older_than_30d|etag_size_duplicate"
"published/folder_0f4831837b53cec8cdfe52d7/asset_982f6c517133537e12f51c94.png","192627","3c63c5551248806094ea2d48c565c9e6","2026-03-21T13:55:49.821Z","published/folder_e58ec71fdf0b1339c9c7fe55/asset_530e7df787c93db963bd39b4.png","not_referenced|published_prefix|older_than_30d|etag_size_duplicate"
"published/folder_0f4831837b53cec8cdfe52d7/asset_983cb2302a78bd1a0d92e318.png","366857","b48e980e0cab79756169992b01c719d1","2026-03-21T14:41:28.816Z","published/folder_e58ec71fdf0b1339c9c7fe55/asset_a29670d410867d9565619950.png","not_referenced|published_prefix|older_than_30d|etag_size_duplicate"
"published/folder_0f4831837b53cec8cdfe52d7/asset_98cbd14ae9e4fa9839feef41.png","477092","65ee5d3065278d7a89b1665c300ef60f","2026-03-21T14:14:13.372Z","published/folder_e58ec71fdf0b1339c9c7fe55/asset_ba540a82b8926f100ff6e586.png","not_referenced|published_prefix|older_than_30d|etag_size_duplicate"
"published/folder_0f4831837b53cec8cdfe52d7/asset_9950ffe4d1bcb82e9be6e21d.png","239874","8123a6033aca9a9d6c82f8486594bd5f","2026-03-21T14:27:30.608Z","published/folder_e58ec71fdf0b1339c9c7fe55/asset_b22b782d24fd69b370fd079a.png","not_referenced|published_prefix|older_than_30d|etag_size_duplicate"
"published/folder_0f4831837b53cec8cdfe52d7/asset_995f6dc692a8b743be197a37.png","294791","17724622081df005b53a67083a1d1a64","2026-03-21T14:35:52.350Z","published/folder_e58ec71fdf0b1339c9c7fe55/asset_1ea9cc879f5eb7ede3f0fdfb.png","not_referenced|published_prefix|older_than_30d|etag_size_duplicate"
"published/folder_0f4831837b53cec8cdfe52d7/asset_9a35d368684dd223321c5724.png","380676","1f73b7175d16adf5d79f2995bc45f6dc","2026-03-21T13:52:46.933Z","published/folder_e58ec71fdf0b1339c9c7fe55/asset_5e12c2e3c2c2383a12b9fec4.png","not_referenced|published_prefix|older_than_30d|etag_size_duplicate"
"published/folder_0f4831837b53cec8cdfe52d7/asset_9adf4149e3f57cc95e57c2d5.png","363475","acd4b551ec6b9fccb8b17bfc07b83a9d","2026-03-21T14:39:21.263Z","published/folder_e58ec71fdf0b1339c9c7fe55/asset_7fc9a65c52b6c822916ed8ad.png","not_referenced|published_prefix|older_than_30d|etag_size_duplicate"
"published/folder_0f4831837b53cec8cdfe52d7/asset_9ae4154a1644e17290f53528.png","542465","6af45c2515224474c7f3aa803fc20f09","2026-03-21T14:01:44.392Z","published/folder_e58ec71fdf0b1339c9c7fe55/asset_d4ab302af2bc94f953e9b330.png","not_referenced|published_prefix|older_than_30d|etag_size_duplicate"
"published/folder_0f4831837b53cec8cdfe52d7/asset_9ae6cb52db68cd84d9907f77.png","248560","32040aea5f72ff246b891a02e6248599","2026-03-21T14:28:58.910Z","published/folder_e58ec71fdf0b1339c9c7fe55/asset_79ec35c72feae47ba45f8e31.png","not_referenced|published_prefix|older_than_30d|etag_size_duplicate"
"published/folder_0f4831837b53cec8cdfe52d7/asset_9b4901d88b4c7e926c395243.png","150788","00c6b78a42c0acde14e2487b98dd6678","2026-03-21T13:50:22.421Z","published/folder_e58ec71fdf0b1339c9c7fe55/asset_6daf8d927d32683291503dcb.png","not_referenced|published_prefix|older_than_30d|etag_size_duplicate"
"published/folder_0f4831837b53cec8cdfe52d7/asset_9b6f9f07b939ecdfa27f9df2.png","288746","b06ae6311203878043bf44b492ce6cd4","2026-03-21T14:40:49.019Z","published/folder_e58ec71fdf0b1339c9c7fe55/asset_3a295bd805e01b162c380d4c.png","not_referenced|published_prefix|older_than_30d|etag_size_duplicate"
"published/folder_0f4831837b53cec8cdfe52d7/asset_9be34b977c747686d2e37c3a.png","495700","6e6f15fb6aa7fc096f3aa629be32a062","2026-03-21T14:02:25.271Z","published/folder_e58ec71fdf0b1339c9c7fe55/asset_2dad9287ca470b3073bcff0f.png","not_referenced|published_prefix|older_than_30d|etag_size_duplicate"
"published/folder_0f4831837b53cec8cdfe52d7/asset_9d12db6e71623bdc25af969c.png","420544","c582c48d1acade43520e0438b9ee5a3f","2026-03-21T14:45:58.294Z","published/folder_e58ec71fdf0b1339c9c7fe55/asset_f559c685c7ecf74e4baeba8c.png","not_referenced|published_prefix|older_than_30d|etag_size_duplicate"
"published/folder_0f4831837b53cec8cdfe52d7/asset_9d6fcbe9f9aa7264fa4d1f67.png","1602246","921e8e0a438141b62aaed2182e2ad5e1","2026-03-21T14:24:51.701Z","published/folder_e58ec71fdf0b1339c9c7fe55/asset_8a8cd8ce71f87e13063860e9.png","not_referenced|published_prefix|older_than_30d|etag_size_duplicate"
"published/folder_0f4831837b53cec8cdfe52d7/asset_9dfaceab6911e81985920cb4.png","55366","5dbd81c858a685d118a6bf64254df7ba","2026-03-21T14:00:39.220Z","published/folder_e58ec71fdf0b1339c9c7fe55/asset_473a30aaa26aea85157b7563.png","not_referenced|published_prefix|older_than_30d|etag_size_duplicate"
"published/folder_0f4831837b53cec8cdfe52d7/asset_9e283433e089d4f17fa6394a.png","473343","695887530cb3c75a96182fe2ff5f8ed5","2026-03-21T14:34:57.103Z","published/folder_e58ec71fdf0b1339c9c7fe55/asset_f28d8d48ea890faa1b0d84de.png","not_referenced|published_prefix|older_than_30d|etag_size_duplicate"
"published/folder_0f4831837b53cec8cdfe52d7/asset_9e55851ff09babbf2ae8abb9.png","440644","4de4aff5a96d8e0b1ddc5bc33d49d18d","2026-03-21T13:59:28.700Z","published/folder_e58ec71fdf0b1339c9c7fe55/asset_8f9852824386c3a2e65365c5.png","not_referenced|published_prefix|older_than_30d|etag_size_duplicate"
"published/folder_0f4831837b53cec8cdfe52d7/asset_9f2e68082afc79160df8e7f7.png","545422","39ee755f049f1a3bda8462ea1f478029","2026-03-21T14:11:16.850Z","published/folder_e58ec71fdf0b1339c9c7fe55/asset_6c19718e3afb5e0e578d9cc0.png","not_referenced|published_prefix|older_than_30d|etag_size_duplicate"
"published/folder_0f4831837b53cec8cdfe52d7/asset_9f8db2953e20ae34374ef12f.png","800067","2e19ae88e1293685de220dff0e2b95e4","2026-03-21T13:54:22.310Z","published/folder_e58ec71fdf0b1339c9c7fe55/asset_6495808af4a347482f519616.png","not_referenced|published_prefix|older_than_30d|etag_size_duplicate"
"published/folder_0f4831837b53cec8cdfe52d7/asset_a04e4f8139a0dabfedffd2a2.png","503917","3a1fcad3d229400d46278e841573f876","2026-03-21T13:55:15.654Z","published/folder_e58ec71fdf0b1339c9c7fe55/asset_5065fd367db01e2d6162d94f.png","not_referenced|published_prefix|older_than_30d|etag_size_duplicate"
"published/folder_0f4831837b53cec8cdfe52d7/asset_a0ca8ca75e97b05156001b58.png","520936","7cc3d79e75a13e19a1eac1158970fbfc","2026-03-21T14:03:57.058Z","published/folder_e58ec71fdf0b1339c9c7fe55/asset_5501dd118583c359e9b8d89f.png","not_referenced|published_prefix|older_than_30d|etag_size_duplicate"
"published/folder_0f4831837b53cec8cdfe52d7/asset_a0cfa90e1658a61fd0f1f93d.png","331062","904349c59ebec5bccf4065ef07f7b7a7","2026-03-21T14:33:26.756Z","published/folder_e58ec71fdf0b1339c9c7fe55/asset_200d6f05a40c64abe822d9a4.png","not_referenced|published_prefix|older_than_30d|etag_size_duplicate"
"published/folder_0f4831837b53cec8cdfe52d7/asset_a13b5dc5a7c1b0b9d4f5e607.png","642183","32aa570acbaf48e5f0cc9fa89757722e","2026-03-21T14:10:23.316Z","published/folder_e58ec71fdf0b1339c9c7fe55/asset_dcb2697a88d7414bcd9380bb.png","not_referenced|published_prefix|older_than_30d|etag_size_duplicate"
"published/folder_0f4831837b53cec8cdfe52d7/asset_a1fce47ea91f7f97246ed1e8.png","239224","c6bc688205ee8a9153e9d01cd01e4eb4","2026-03-21T14:44:32.245Z","published/folder_e58ec71fdf0b1339c9c7fe55/asset_7069387121000b2f34e68b2e.png","not_referenced|published_prefix|older_than_30d|etag_size_duplicate"
"published/folder_0f4831837b53cec8cdfe52d7/asset_a24d4fa6aa4f1bb8299a5b55.png","35170","6480e84192ece5baa40d5dff29a0a229","2026-03-21T14:26:55.348Z","published/folder_e58ec71fdf0b1339c9c7fe55/asset_54b17e47510ac5530d29e372.png","not_referenced|published_prefix|older_than_30d|etag_size_duplicate"
"published/folder_0f4831837b53cec8cdfe52d7/asset_a2e36c31746746c1a44f4612.png","581045","34e92c4da1a677dfd11a5ae44c411b89","2026-03-21T14:10:43.454Z","published/folder_e58ec71fdf0b1339c9c7fe55/asset_29ac2c9115d6e716bf93711f.png","not_referenced|published_prefix|older_than_30d|etag_size_duplicate"
"published/folder_0f4831837b53cec8cdfe52d7/asset_a30adac7545a290d776143f2.png","324250","2350382185f44a92e4853cab7fd92feb","2026-03-21T14:35:27.791Z","published/folder_e58ec71fdf0b1339c9c7fe55/asset_cb822edb04c791133269781f.png","not_referenced|published_prefix|older_than_30d|etag_size_duplicate"
"published/folder_0f4831837b53cec8cdfe52d7/asset_a3a960932eda1470d3e74232.png","584951","892d86a617f14c0168181cba7d0854b7","2026-03-21T14:24:36.516Z","published/folder_e58ec71fdf0b1339c9c7fe55/asset_2d3f0000a247b80a1a05e881.png","not_referenced|published_prefix|older_than_30d|etag_size_duplicate"
"published/folder_0f4831837b53cec8cdfe52d7/asset_a416281eb181e93a840f0730.png","234860","924716001193428ca9de01de0066ffff","2026-03-21T14:36:18.307Z","published/folder_e58ec71fdf0b1339c9c7fe55/asset_0a32a68425de8a46a064b1c2.png","not_referenced|published_prefix|older_than_30d|etag_size_duplicate"
"published/folder_0f4831837b53cec8cdfe52d7/asset_a4bad41685fb14d2a2fe095a.png","73532","052504842beb4c589798ba4bf8e4b191","2026-03-21T14:34:31.271Z","published/folder_e58ec71fdf0b1339c9c7fe55/asset_8505c78a5235cf4372cad7e6.png","not_referenced|published_prefix|older_than_30d|etag_size_duplicate"
"published/folder_0f4831837b53cec8cdfe52d7/asset_a50bd127dae258fb413df006.png","443333","1699ad352e14e756db6aa9b48b163485","2026-03-21T14:25:33.097Z","published/folder_e58ec71fdf0b1339c9c7fe55/asset_58c6489fa9ef57d628554b41.png","not_referenced|published_prefix|older_than_30d|etag_size_duplicate"
"published/folder_0f4831837b53cec8cdfe52d7/asset_a5b574ddb6ff78325732fe6c.png","359733","0e4fd482df8cc1c25422cf9f8cad122f","2026-03-21T13:50:55.056Z","published/folder_e58ec71fdf0b1339c9c7fe55/asset_a9bf308514e17638033b88ee.png","not_referenced|published_prefix|older_than_30d|etag_size_duplicate"
"published/folder_0f4831837b53cec8cdfe52d7/asset_a658204f7d1a814c57395486.png","139449","1fd580d90f7e80895b6c58d3e9874ff3","2026-03-21T13:52:53.440Z","published/folder_e58ec71fdf0b1339c9c7fe55/asset_0250f4e208166ddbde43445d.png","not_referenced|published_prefix|older_than_30d|etag_size_duplicate"
"published/folder_0f4831837b53cec8cdfe52d7/asset_a6f007d25e3e65358ec61610.png","448133","01a18b7f6b3f071c65f55a1ff3311d7b","2026-03-21T13:51:35.723Z","published/folder_e58ec71fdf0b1339c9c7fe55/asset_ceaa968bc8b0e104d5db8e99.png","not_referenced|published_prefix|older_than_30d|etag_size_duplicate"
"published/folder_0f4831837b53cec8cdfe52d7/asset_a7311542cf08dba0becdb720.png","824584","5e42a2aa2ccbf34eda6e5b1d9314a648","2026-03-21T14:00:50.220Z","published/folder_e58ec71fdf0b1339c9c7fe55/asset_84dd16d2bec63f3fa4f9102d.png","not_referenced|published_prefix|older_than_30d|etag_size_duplicate"
"published/folder_0f4831837b53cec8cdfe52d7/asset_a76e47d87e48ee71702c9255.png","449197","343dc65b5f6538967fa0396b726c077f","2026-03-21T14:20:23.554Z","published/folder_e58ec71fdf0b1339c9c7fe55/asset_95a785690f2700e12d0592d3.png","not_referenced|published_prefix|older_than_30d|etag_size_duplicate"
"published/folder_0f4831837b53cec8cdfe52d7/asset_a801f87334fdefa3ae8c9f08.png","1154116","b982097c6065af3a9503b8f349af5783","2026-03-21T14:42:32.247Z","published/folder_e58ec71fdf0b1339c9c7fe55/asset_256751baff6673dc10e978bc.png","not_referenced|published_prefix|older_than_30d|etag_size_duplicate"
"published/folder_0f4831837b53cec8cdfe52d7/asset_a8ff8847a08f890b472d017b.png","688583","3e61594eab47befd8fb3139ea02197e9","2026-03-21T13:56:52.856Z","published/folder_e58ec71fdf0b1339c9c7fe55/asset_f16ae1baee46271d94da36fb.png","not_referenced|published_prefix|older_than_30d|etag_size_duplicate"
"published/folder_0f4831837b53cec8cdfe52d7/asset_a9275811fb0e35ec9f62ae72.png","175260","94df421ce9e4e3eb9bcb95516489e8b4","2026-03-21T14:17:41.194Z","published/folder_e58ec71fdf0b1339c9c7fe55/asset_f64e448c1bb708a6549f1874.png","not_referenced|published_prefix|older_than_30d|etag_size_duplicate"
"published/folder_0f4831837b53cec8cdfe52d7/asset_a935a68ac4776b200e36ea72.png","595230","5d541cbb1a1ecb74a9f6988ff31c74ff","2026-03-21T14:00:34.953Z","published/folder_e58ec71fdf0b1339c9c7fe55/asset_77511b7a72cb5bca2b860697.png","not_referenced|published_prefix|older_than_30d|etag_size_duplicate"
"published/folder_0f4831837b53cec8cdfe52d7/asset_a960db0e368dbc96adf6c0a5.png","276052","535e09985db284e0ada183674b92ad3b","2026-03-21T14:21:33.351Z","published/folder_e58ec71fdf0b1339c9c7fe55/asset_36f892a71f39a1d3ac2f692a.png","not_referenced|published_prefix|older_than_30d|etag_size_duplicate"
"published/folder_0f4831837b53cec8cdfe52d7/asset_a9821621b4694b0d3e9613a1.png","701480","263a0955eb146eca3715383ef1595542","2026-03-21T14:19:58.765Z","published/folder_e58ec71fdf0b1339c9c7fe55/asset_e5b00060785115ee6bd697eb.png","not_referenced|published_prefix|older_than_30d|etag_size_duplicate"
"published/folder_0f4831837b53cec8cdfe52d7/asset_a9beb12b24ac18e241f00985.png","190492","720d2eff068478a7e5c0a0d7aefff726","2026-03-21T14:23:22.182Z","published/folder_e58ec71fdf0b1339c9c7fe55/asset_4c95c8338a5ba0112774cdfa.png","not_referenced|published_prefix|older_than_30d|etag_size_duplicate"
"published/folder_0f4831837b53cec8cdfe52d7/asset_ab355ab2d1b22f57f13282ba.png","360834","4f466f041008048f76eb79e93be0260e","2026-03-21T13:59:43.274Z","published/folder_e58ec71fdf0b1339c9c7fe55/asset_7818f58b5a558ffbb316bd2e.png","not_referenced|published_prefix|older_than_30d|etag_size_duplicate"
"published/folder_0f4831837b53cec8cdfe52d7/asset_abc2148c8f235c09a123e953.png","591842","b24fe1c5206c4b209940bf25832e4de5","2026-03-21T14:41:19.653Z","published/folder_e58ec71fdf0b1339c9c7fe55/asset_dda1b56abaaebf5be5703963.png","not_referenced|published_prefix|older_than_30d|etag_size_duplicate"
"published/folder_0f4831837b53cec8cdfe52d7/asset_ac852c705d6c44e3626540d1.png","443859","a45ae02a332d633d5620fb027e126420","2026-03-21T14:37:32.398Z","published/folder_e58ec71fdf0b1339c9c7fe55/asset_d20e797342d25b6dcb387503.png","not_referenced|published_prefix|older_than_30d|etag_size_duplicate"
"published/folder_0f4831837b53cec8cdfe52d7/asset_acb004380f32d289680ad03b.png","246710","69ad26d432c41d13a32e067f3847572f","2026-03-21T14:14:56.317Z","published/folder_e58ec71fdf0b1339c9c7fe55/asset_49adfc4111b9c85303873650.png","not_referenced|published_prefix|older_than_30d|etag_size_duplicate"
"published/folder_0f4831837b53cec8cdfe52d7/asset_ad190dcd20e2a15858888ada.png","376357","7e420be44af06c2500278137272d9d57","2026-03-21T14:04:36.029Z","published/folder_e58ec71fdf0b1339c9c7fe55/asset_7910a967020f55361775dcdb.png","not_referenced|published_prefix|older_than_30d|etag_size_duplicate"
"published/folder_0f4831837b53cec8cdfe52d7/asset_ad2916cc09a04dcf2bc84dd8.png","21465","2fe1db2171842c52eea6911d653177bf","2026-03-21T13:55:10.588Z","published/folder_e58ec71fdf0b1339c9c7fe55/asset_a5f74c928c664a01866ebd21.png","not_referenced|published_prefix|older_than_30d|etag_size_duplicate"
"published/folder_0f4831837b53cec8cdfe52d7/asset_ad83664aa38e58ce5833713e.png","830517","ae05b75e23d6840873a2e4c56eba0d01","2026-03-21T14:39:37.999Z","published/folder_e58ec71fdf0b1339c9c7fe55/asset_ed8e795cfc2b6ab751f6f409.png","not_referenced|published_prefix|older_than_30d|etag_size_duplicate"
"published/folder_0f4831837b53cec8cdfe52d7/asset_ad9eb2cc1499294c4cbf702e.png","603411","7138071501b233330acc56cc72530c22","2026-03-21T14:35:37.741Z","published/folder_e58ec71fdf0b1339c9c7fe55/asset_421949bdb4246665df824599.png","not_referenced|published_prefix|older_than_30d|etag_size_duplicate"
"published/folder_0f4831837b53cec8cdfe52d7/asset_aec0c5e6c9b3ecfcd3ad05cf.png","858907","9566106554ae1a6fc3ca01c18745faf6","2026-03-21T14:35:43.806Z","published/folder_e58ec71fdf0b1339c9c7fe55/asset_0ca4ec96900488914a526ebd.png","not_referenced|published_prefix|older_than_30d|etag_size_duplicate"
"published/folder_0f4831837b53cec8cdfe52d7/asset_afaaf8caa3d5c24a4d4e2853.png","314794","9a2c94dcb248d7b636b2d74b93728ac3","2026-03-21T14:06:39.588Z","published/folder_e58ec71fdf0b1339c9c7fe55/asset_df9a844aff234768f4a94d1a.png","not_referenced|published_prefix|older_than_30d|etag_size_duplicate"
"published/folder_0f4831837b53cec8cdfe52d7/asset_b04e83c1dc821fa9474b8b38.png","237209","93d9e4e5c7be677fbdbbd0f3fac11ddd","2026-03-21T14:17:21.746Z","published/folder_e58ec71fdf0b1339c9c7fe55/asset_22ee1df480c4794e31dee188.png","not_referenced|published_prefix|older_than_30d|etag_size_duplicate"
"published/folder_0f4831837b53cec8cdfe52d7/asset_b07d5a4694e9f55bdd95e361.png","273685","66fbc80be57fc263656bb3ea0668c9ac","2026-03-21T14:14:27.278Z","published/folder_e58ec71fdf0b1339c9c7fe55/asset_c4343d4df4b806cce67d9090.png","not_referenced|published_prefix|older_than_30d|etag_size_duplicate"
"published/folder_0f4831837b53cec8cdfe52d7/asset_b0e4a49dd3b4c44d6855727b.png","141405","733715ceaf4ece25042e37a74d65e9de","2026-03-21T14:32:50.468Z","published/folder_e58ec71fdf0b1339c9c7fe55/asset_1152b7f4d20ffae8a0096c76.png","not_referenced|published_prefix|older_than_30d|etag_size_duplicate"
"published/folder_0f4831837b53cec8cdfe52d7/asset_b10f0e28e007612a65f2edb8.png","15312","65e642dff95e225e9cd1e8310d6153db","2026-03-21T14:14:07.942Z","published/folder_e58ec71fdf0b1339c9c7fe55/asset_b70acc606b7f448d8c52d4b0.png","not_referenced|published_prefix|older_than_30d|etag_size_duplicate"
"published/folder_0f4831837b53cec8cdfe52d7/asset_b19ea1df0a90f7ce32da2d45.png","620013","62b8fc180a2b734ac3ac5aec3ec83a1c","2026-03-21T14:13:30.184Z","published/folder_e58ec71fdf0b1339c9c7fe55/asset_fa14db0904801acf5ee7329d.png","not_referenced|published_prefix|older_than_30d|etag_size_duplicate"
"published/folder_0f4831837b53cec8cdfe52d7/asset_b1bacf18cc9873c749f37d33.png","536410","8b5fbda1029acf222b69554ab409a91f","2026-03-21T14:05:20.434Z","published/folder_e58ec71fdf0b1339c9c7fe55/asset_ab0b99704cc765af85cf1506.png","not_referenced|published_prefix|older_than_30d|etag_size_duplicate"
"published/folder_0f4831837b53cec8cdfe52d7/asset_b1f961e98cb32bd2bdf9c96f.png","171946","25a51f12d3859e560d7c1d0cae2d3b99","2026-03-21T14:09:34.628Z","published/folder_e58ec71fdf0b1339c9c7fe55/asset_cb0a4be64addee0213a1b650.png","not_referenced|published_prefix|older_than_30d|etag_size_duplicate"
"published/folder_0f4831837b53cec8cdfe52d7/asset_b2ef4e7cf63b2dcf25b7b72d.png","356224","3ecf12d9660eb7d04ce24c588400cd0b","2026-03-21T13:58:12.713Z","published/folder_e58ec71fdf0b1339c9c7fe55/asset_7e9e2344fa7790cf1573b078.png","not_referenced|published_prefix|older_than_30d|etag_size_duplicate"
"published/folder_0f4831837b53cec8cdfe52d7/asset_b32e9c460b0d1d2a38fab409.png","720359","3de161ce4908a5fd35c40ca5a889532d","2026-03-21T13:56:24.619Z","published/folder_e58ec71fdf0b1339c9c7fe55/asset_2d6545191fdb810e078afe71.png","not_referenced|published_prefix|older_than_30d|etag_size_duplicate"
"published/folder_0f4831837b53cec8cdfe52d7/asset_b3342c93a348834bc903870d.png","695253","22d9aed8db63b9259e9b4158671c80e2","2026-03-21T14:09:19.411Z","published/folder_e58ec71fdf0b1339c9c7fe55/asset_4bacb7bf4176a1c2d8ffa721.png","not_referenced|published_prefix|older_than_30d|etag_size_duplicate"
"published/folder_0f4831837b53cec8cdfe52d7/asset_b46af6df6ca00974837b5f72.png","505364","0bfec822bb6929783da99575e3d3ccf0","2026-03-21T13:50:15.982Z","published/folder_e58ec71fdf0b1339c9c7fe55/asset_d307f280b625b68e42965ae5.png","not_referenced|published_prefix|older_than_30d|etag_size_duplicate"
"published/folder_0f4831837b53cec8cdfe52d7/asset_b4d7b57135748afa955a6447.png","73139","3f7d56eeb61ff24eaa35738ed89c9e7b","2026-03-21T13:58:18.602Z","published/folder_e58ec71fdf0b1339c9c7fe55/asset_c65221011efafe99d21cedf5.png","not_referenced|published_prefix|older_than_30d|etag_size_duplicate"
"published/folder_0f4831837b53cec8cdfe52d7/asset_b5c8711f85b7549a76fc28f9.png","399349","7c9c85bb43c0bbac9bd703189b911216","2026-03-21T14:03:47.299Z","published/folder_e58ec71fdf0b1339c9c7fe55/asset_cf4a7a438e2891a420126319.png","not_referenced|published_prefix|older_than_30d|etag_size_duplicate"
"published/folder_0f4831837b53cec8cdfe52d7/asset_b61e7eb75f7a250987761101.png","355343","c07a45000b140a807a51ab81ff0f32dc","2026-03-21T14:44:36.440Z","published/folder_e58ec71fdf0b1339c9c7fe55/asset_b7bc9eb4036a0d8a94ce1c92.png","not_referenced|published_prefix|older_than_30d|etag_size_duplicate"
"published/folder_0f4831837b53cec8cdfe52d7/asset_b74e08be9a9f5d2d21b62ee6.png","1540554","8728dd18c68647b62d0e92d071271ad3","2026-03-21T14:27:52.369Z","published/folder_e58ec71fdf0b1339c9c7fe55/asset_986f698410824f09da120b9c.png","not_referenced|published_prefix|older_than_30d|etag_size_duplicate"
"published/folder_0f4831837b53cec8cdfe52d7/asset_b7962742ea9a8494e08c3c5f.png","360670","03c82d990e1c598a13fddf5a88eb02ad","2026-03-21T13:55:55.929Z","published/folder_e58ec71fdf0b1339c9c7fe55/asset_3c0b051aa1ffe58cca7fe672.png","not_referenced|published_prefix|older_than_30d|etag_size_duplicate"
"published/folder_0f4831837b53cec8cdfe52d7/asset_b89734155aa8512a2c94fe5a.png","207122","436fde47d277b43db7009a1d73388a85","2026-03-21T14:20:39.361Z","published/folder_e58ec71fdf0b1339c9c7fe55/asset_89ccaf911284c6c173805f1c.png","not_referenced|published_prefix|older_than_30d|etag_size_duplicate"
"published/folder_0f4831837b53cec8cdfe52d7/asset_b8aef48828e13b58374fcd09.png","185836","130779a301574274d961f6c356fd72fb","2026-03-21T14:31:35.512Z","published/folder_e58ec71fdf0b1339c9c7fe55/asset_72d7667eb4dd22692da44dd1.png","not_referenced|published_prefix|older_than_30d|etag_size_duplicate"
"published/folder_0f4831837b53cec8cdfe52d7/asset_b8cf44710cb995027dc547f6.png","34966","c96fad626d838eaf6b05c38007824312","2026-03-21T14:45:52.702Z","published/folder_e58ec71fdf0b1339c9c7fe55/asset_258ce0d1784d92da629f6c2c.png","not_referenced|published_prefix|older_than_30d|etag_size_duplicate"
"published/folder_0f4831837b53cec8cdfe52d7/asset_b8e30ceebb9df2cb483f5c04.png","690260","888d1fa71825dfa4a5b0677bdf3ca8f1","2026-03-21T14:24:31.404Z","published/folder_e58ec71fdf0b1339c9c7fe55/asset_661acb4d15a296361c9cd6ab.png","not_referenced|published_prefix|older_than_30d|etag_size_duplicate"
"published/folder_0f4831837b53cec8cdfe52d7/asset_ba877a37da93fab99dbe1fe7.png","459757","557f5de2d906a2539f5ab48055f188ae","2026-03-21T14:21:38.004Z","published/folder_e58ec71fdf0b1339c9c7fe55/asset_96c220b0e9309cd4c6ae39be.png","not_referenced|published_prefix|older_than_30d|etag_size_duplicate"
"published/folder_0f4831837b53cec8cdfe52d7/asset_bae2e588697bcaf7e2db6628.png","846810","4cf32aeb97895988349b1ea896edaab3","2026-03-21T13:59:15.368Z","published/folder_e58ec71fdf0b1339c9c7fe55/asset_e0923b10028ebb5e655bae68.png","not_referenced|published_prefix|older_than_30d|etag_size_duplicate"
"published/folder_0f4831837b53cec8cdfe52d7/asset_bba54e7fece27cb0b38fb7f7.png","482227","57bca1946f177964daeb39c46651d5e9","2026-03-21T14:12:45.563Z","published/folder_e58ec71fdf0b1339c9c7fe55/asset_dc4c6aee6683fdf82246edcc.png","not_referenced|published_prefix|older_than_30d|etag_size_duplicate"
"published/folder_0f4831837b53cec8cdfe52d7/asset_bbc5ddcbd6e4b1ce6648b3e5.png","296523","205937e7495afb7309370d4a00ac3374","2026-03-21T14:31:46.473Z","published/folder_e58ec71fdf0b1339c9c7fe55/asset_c0165f03f1658b86d192d8d6.png","not_referenced|published_prefix|older_than_30d|etag_size_duplicate"
"published/folder_0f4831837b53cec8cdfe52d7/asset_bbe041e0c393a5c2c3511f3a.png","227695","60b709a57879f54729019ce675412703","2026-03-21T14:13:00.330Z","published/folder_e58ec71fdf0b1339c9c7fe55/asset_666e8683734be2f2fa098ce8.png","not_referenced|published_prefix|older_than_30d|etag_size_duplicate"
"published/folder_0f4831837b53cec8cdfe52d7/asset_bd22ee8570b1eb181c69cefd.png","717390","19143eeab9837fb929b0888b6e0b4fd3","2026-03-21T14:28:53.920Z","published/folder_e58ec71fdf0b1339c9c7fe55/asset_849cb880033497bc2bdaec82.png","not_referenced|published_prefix|older_than_30d|etag_size_duplicate"
"published/folder_0f4831837b53cec8cdfe52d7/asset_bd9a8880f2d3e1a620ddd913.png","967725","7f90ed471f93ca3774cd5d41ee0ae1e3","2026-03-21T14:04:53.304Z","published/folder_e58ec71fdf0b1339c9c7fe55/asset_79b659ca0f6fa4efb3b86308.png","not_referenced|published_prefix|older_than_30d|etag_size_duplicate"
"published/folder_0f4831837b53cec8cdfe52d7/asset_be818c8e90930a4f698387f9.png","1132816","68f98a6e89d0571b3b09a652f8dab655","2026-03-21T14:14:51.628Z","published/folder_e58ec71fdf0b1339c9c7fe55/asset_4072617824ca65e48dbbab5b.png","not_referenced|published_prefix|older_than_30d|etag_size_duplicate"
"published/folder_0f4831837b53cec8cdfe52d7/asset_bed9b74c15b035a496735912.png","1652144","8f199814824f7ba1c744b4ead628dec1","2026-03-21T14:06:35.842Z","published/folder_e58ec71fdf0b1339c9c7fe55/asset_35961238f8cd29709c431455.png","not_referenced|published_prefix|older_than_30d|etag_size_duplicate"
"published/folder_0f4831837b53cec8cdfe52d7/asset_c00d868f7d820c5feda3399e.png","121073","9e2124372ad0f5ec52fd5f150b5afe5b","2026-03-21T14:07:37.137Z","published/folder_e58ec71fdf0b1339c9c7fe55/asset_f526d831720a8a8aeb98f176.png","not_referenced|published_prefix|older_than_30d|etag_size_duplicate"
"published/folder_0f4831837b53cec8cdfe52d7/asset_c0a41ceaedcc672eda9ed44a.png","576351","52a87c82d10d03ff433c66349a843086","2026-03-21T14:12:15.690Z","published/folder_e58ec71fdf0b1339c9c7fe55/asset_f3e9c3fd8f2e8b8754debe9f.png","not_referenced|published_prefix|older_than_30d|etag_size_duplicate"
"published/folder_0f4831837b53cec8cdfe52d7/asset_c0d5a720ad8f42826e9f5d16.png","136801","107f58cb7f5d10134e5e8c52521a4ade","2026-03-21T14:19:03.227Z","published/folder_e58ec71fdf0b1339c9c7fe55/asset_f824fa302f29fd17f2ca8056.png","not_referenced|published_prefix|older_than_30d|etag_size_duplicate"
"published/folder_0f4831837b53cec8cdfe52d7/asset_c11cce05c733110afa4081bb.png","450187","0529583d75ddd06e208ab066caac559b","2026-03-21T14:32:18.384Z","published/folder_e58ec71fdf0b1339c9c7fe55/asset_a70313b2ab03ac24d96d2664.png","not_referenced|published_prefix|older_than_30d|etag_size_duplicate"
"published/folder_0f4831837b53cec8cdfe52d7/asset_c178cd93c931214420aacc5a.png","581233","6ad6405b3197c1fd9e50130c7eeda8a8","2026-03-21T14:01:32.134Z","published/folder_e58ec71fdf0b1339c9c7fe55/asset_21192eb3076fdce0880df793.png","not_referenced|published_prefix|older_than_30d|etag_size_duplicate"
"published/folder_0f4831837b53cec8cdfe52d7/asset_c1a348d1b70c632d66b7982d.png","263985","2a2edcdb8455aedede50609ddd4ae4b8","2026-03-21T13:52:59.559Z","published/folder_e58ec71fdf0b1339c9c7fe55/asset_11c24dee91ca835ebd8deb75.png","not_referenced|published_prefix|older_than_30d|etag_size_duplicate"
"published/folder_0f4831837b53cec8cdfe52d7/asset_c2479ecb822a5609a3fa49aa.png","592232","0d9bee81ab606727867dfee63395f957","2026-03-21T13:50:40.290Z","published/folder_e58ec71fdf0b1339c9c7fe55/asset_e7f98c4965bbc523610beba4.png","not_referenced|published_prefix|older_than_30d|etag_size_duplicate"
"published/folder_0f4831837b53cec8cdfe52d7/asset_c289f02b95b6192fe76f88f8.png","1071294","708dc7e79918ada324d5ba7b4de135b5","2026-03-21T14:23:13.000Z","published/folder_e58ec71fdf0b1339c9c7fe55/asset_2649b4ed31eab92709620f5d.png","not_referenced|published_prefix|older_than_30d|etag_size_duplicate"
"published/folder_0f4831837b53cec8cdfe52d7/asset_c2c3a029244f0fdfb36ddfc5.png","400806","418de8bcc841bff4922a2f07ba0f33a3","2026-03-21T14:20:33.747Z","published/folder_e58ec71fdf0b1339c9c7fe55/asset_f7aa4b8c9c425949c0710a7d.png","not_referenced|published_prefix|older_than_30d|etag_size_duplicate"
"published/folder_0f4831837b53cec8cdfe52d7/asset_c38a16878697aff37c37e74c.png","472151","640d75376d65564f0dfb9d8d4144d1e7","2026-03-21T14:22:46.483Z","published/folder_e58ec71fdf0b1339c9c7fe55/asset_ed09dbaa546965bacb4fa02b.png","not_referenced|published_prefix|older_than_30d|etag_size_duplicate"
"published/folder_0f4831837b53cec8cdfe52d7/asset_c38d790f132977936f034262.png","175732","c9ac75cb743ca8125df2cd5a9286ef75","2026-03-21T14:45:13.362Z","published/folder_e58ec71fdf0b1339c9c7fe55/asset_aa19837eded043847d985862.png","not_referenced|published_prefix|older_than_30d|etag_size_duplicate"
"published/folder_0f4831837b53cec8cdfe52d7/asset_c41dd76884842581d38f9482.png","70095","81ea98ecf14414923034de1289e3edf0","2026-03-21T14:15:57.823Z","published/folder_e58ec71fdf0b1339c9c7fe55/asset_398622944329262e172e183d.png","not_referenced|published_prefix|older_than_30d|etag_size_duplicate"
"published/folder_0f4831837b53cec8cdfe52d7/asset_c4487adb1e9031a6c65bdd34.png","302640","04d096cec103d04025860d57803ea908","2026-03-21T13:59:19.186Z","published/folder_e58ec71fdf0b1339c9c7fe55/asset_4fc27b92c84b00b99b1c2fff.png","not_referenced|published_prefix|older_than_30d|etag_size_duplicate"
"published/folder_0f4831837b53cec8cdfe52d7/asset_c48c95eb22135a5eae0aa91b.png","106759","205b3e64960b06387f76d797ac385ef7","2026-03-21T14:19:43.218Z","published/folder_e58ec71fdf0b1339c9c7fe55/asset_ad090f17c1d94766ca6dad0c.png","not_referenced|published_prefix|older_than_30d|etag_size_duplicate"
"published/folder_0f4831837b53cec8cdfe52d7/asset_c5df1cde822bd7341d600ece.png","1936139","993f81e549e64dc94ccb3b57f4bc3f16","2026-03-21T14:25:22.336Z","published/folder_e58ec71fdf0b1339c9c7fe55/asset_6e9a64bcd9d9d6187821411e.png","not_referenced|published_prefix|older_than_30d|etag_size_duplicate"
"published/folder_0f4831837b53cec8cdfe52d7/asset_c5e05273673e854f36399fb3.png","175771","75f347a75046eff61f8457f5624fa9c8","2026-03-21T14:15:34.343Z","published/folder_e58ec71fdf0b1339c9c7fe55/asset_aae36900f244ab3ce59b8a6e.png","not_referenced|published_prefix|older_than_30d|etag_size_duplicate"
"published/folder_0f4831837b53cec8cdfe52d7/asset_c64d988aa5d4a39afab87a6b.png","186517","60576d08c08ba2e3d91bc90c33da9b51","2026-03-21T14:29:43.684Z","published/folder_e58ec71fdf0b1339c9c7fe55/asset_a1910e3da2bed10b41aebcac.png","not_referenced|published_prefix|older_than_30d|etag_size_duplicate"
"published/folder_0f4831837b53cec8cdfe52d7/asset_c72b45a2dc84943711bb8531.png","236003","c62b777904cfb6e737fc3b9ee8f60026","2026-03-21T14:45:39.273Z","published/folder_e58ec71fdf0b1339c9c7fe55/asset_be1d4b849a9a1c69fd9f732a.png","not_referenced|published_prefix|older_than_30d|etag_size_duplicate"
"published/folder_0f4831837b53cec8cdfe52d7/asset_c72b7e7c1d0b0115c269038f.png","536508","abd4f6f997b208ef541a57dec65c4682","2026-03-21T14:39:05.090Z","published/folder_e58ec71fdf0b1339c9c7fe55/asset_5fabb5c08ba4436d9081d79e.png","not_referenced|published_prefix|older_than_30d|etag_size_duplicate"
"published/folder_0f4831837b53cec8cdfe52d7/asset_c8044598160481cd7f068dfb.png","380541","2a6a51343546d4566a86615593df07fc","2026-03-21T13:53:04.531Z","published/folder_e58ec71fdf0b1339c9c7fe55/asset_666031470eadf8d86ea9a458.png","not_referenced|published_prefix|older_than_30d|etag_size_duplicate"
"published/folder_0f4831837b53cec8cdfe52d7/asset_c8572b1b7537c004e8622fd4.png","331649","37adb953c0c487cfa4e174b3d07c0486","2026-03-21T14:11:01.375Z","published/folder_e58ec71fdf0b1339c9c7fe55/asset_6c3eb6935fcd9e0b71e5667d.png","not_referenced|published_prefix|older_than_30d|etag_size_duplicate"
"published/folder_0f4831837b53cec8cdfe52d7/asset_c8dc81007bc3bac50b5c5fe7.png","519898","7756c326904350af82d451f534691cad","2026-03-21T14:27:26.422Z","published/folder_e58ec71fdf0b1339c9c7fe55/asset_201700958b1908d8cf390bf8.png","not_referenced|published_prefix|older_than_30d|etag_size_duplicate"
"published/folder_0f4831837b53cec8cdfe52d7/asset_c8ed4bbaea86017a6d45c1a6.png","182250","522263c3a24f678a73690945440898dc","2026-03-21T14:32:09.689Z","published/folder_e58ec71fdf0b1339c9c7fe55/asset_8a0bf034c2c1c4bb91e24a95.png","not_referenced|published_prefix|older_than_30d|etag_size_duplicate"
"published/folder_0f4831837b53cec8cdfe52d7/asset_c920dc6375876f47ac0e93d9.png","702107","8e8c465ba8e37c2baa1bcc3aa1b7422e","2026-03-21T14:06:00.841Z","published/folder_e58ec71fdf0b1339c9c7fe55/asset_16ad6d49571c11013895a2cc.png","not_referenced|published_prefix|older_than_30d|etag_size_duplicate"
"published/folder_0f4831837b53cec8cdfe52d7/asset_ca400b303e2bee936308aef2.png","330462","76932f5d35cfd37b78edde50e6e6f897","2026-03-21T14:30:39.271Z","published/folder_e58ec71fdf0b1339c9c7fe55/asset_3badbdeb73719d5781c889eb.png","not_referenced|published_prefix|older_than_30d|etag_size_duplicate"
"published/folder_0f4831837b53cec8cdfe52d7/asset_cab66c804b1e6e49bdeedf12.png","480664","303e8caad7f7f7e5bd49064e0b609ed5","2026-03-21T14:20:18.831Z","published/folder_e58ec71fdf0b1339c9c7fe55/asset_f1eabd9fa6ee43e590647f2a.png","not_referenced|published_prefix|older_than_30d|etag_size_duplicate"
"published/folder_0f4831837b53cec8cdfe52d7/asset_cc8c62286eff9469bb34d5c8.png","670422","19a838e5af0c4dad2237a84a245e97e4","2026-03-21T14:09:00.935Z","published/folder_e58ec71fdf0b1339c9c7fe55/asset_cf03698cce15b20c4e43b5ad.png","not_referenced|published_prefix|older_than_30d|etag_size_duplicate"
"published/folder_0f4831837b53cec8cdfe52d7/asset_cc90dd478b75538c0de9c384.png","175404","621b991e2fa3ec3b152b9cdaa584c521","2026-03-21T14:22:35.028Z","published/folder_e58ec71fdf0b1339c9c7fe55/asset_b0d1326937cf96697ecbcb7c.png","not_referenced|published_prefix|older_than_30d|etag_size_duplicate"
"published/folder_0f4831837b53cec8cdfe52d7/asset_cd9e481085e2763efcb9fc56.png","242036","a3dfbcd1b101b7d048f56dae3e75b138","2026-03-21T14:37:09.384Z","published/folder_e58ec71fdf0b1339c9c7fe55/asset_ea3479e8805c641abfb5644e.png","not_referenced|published_prefix|older_than_30d|etag_size_duplicate"
"published/folder_0f4831837b53cec8cdfe52d7/asset_cdb39eca354533ea08c205a5.png","38530","7b0143559e1627f9697de84e778e13d7","2026-03-21T14:03:24.622Z","published/folder_e58ec71fdf0b1339c9c7fe55/asset_c01448d40f1207ac550f18e1.png","not_referenced|published_prefix|older_than_30d|etag_size_duplicate"
"published/folder_0f4831837b53cec8cdfe52d7/asset_cdf14b22aa54970c8658973d.png","314750","9ba72ffa4fa6fa33e5e0eb4b744ecfe7","2026-03-21T14:07:13.068Z","published/folder_e58ec71fdf0b1339c9c7fe55/asset_7ac10b289b09bf4d45e0fd3e.png","not_referenced|published_prefix|older_than_30d|etag_size_duplicate"
"published/folder_0f4831837b53cec8cdfe52d7/asset_ce7c52b5af7a3771be55e9f9.png","435621","93ff813c1ad100f8288c639219bba62b","2026-03-21T14:17:25.620Z","published/folder_e58ec71fdf0b1339c9c7fe55/asset_ea172ddef9714ad66f10d38a.png","not_referenced|published_prefix|older_than_30d|etag_size_duplicate"
"published/folder_0f4831837b53cec8cdfe52d7/asset_cf28dafa7df653982a73bbc3.png","329142","b58108108771654a46319eada672c2e5","2026-03-21T14:42:37.438Z","published/folder_e58ec71fdf0b1339c9c7fe55/asset_a772d7e8c1023b7c2aa80ab1.png","not_referenced|published_prefix|older_than_30d|etag_size_duplicate"
"published/folder_0f4831837b53cec8cdfe52d7/asset_d00107b1219648d42b9f4c40.png","347397","bfe509d35e92e7942cbe8da412814a32","2026-03-21T14:43:29.297Z","published/folder_e58ec71fdf0b1339c9c7fe55/asset_1e0e90b5cbfb9c84f3ad833b.png","not_referenced|published_prefix|older_than_30d|etag_size_duplicate"
"published/folder_0f4831837b53cec8cdfe52d7/asset_d05b4cfd79ae7df1b5885f6c.png","484714","7cf9155b050584e1095bd66ca26be78b","2026-03-21T14:04:17.224Z","published/folder_e58ec71fdf0b1339c9c7fe55/asset_414c42a8b11b0a067a53e8db.png","not_referenced|published_prefix|older_than_30d|etag_size_duplicate"
"published/folder_0f4831837b53cec8cdfe52d7/asset_d082694f32b5b4ee2a304a94.png","300628","37701379ee46a93c65542dc79a4ae96a","2026-03-21T14:34:27.080Z","published/folder_e58ec71fdf0b1339c9c7fe55/asset_9f69a81159513f05cd50d8ea.png","not_referenced|published_prefix|older_than_30d|etag_size_duplicate"
"published/folder_0f4831837b53cec8cdfe52d7/asset_d1d29e0f54a15983236189f0.png","62631","2c45ad2584589bf9a6b74ce4f8c310e2","2026-03-21T13:53:52.073Z","published/folder_e58ec71fdf0b1339c9c7fe55/asset_cb62723073777253f75d8a1d.png","not_referenced|published_prefix|older_than_30d|etag_size_duplicate"
"published/folder_0f4831837b53cec8cdfe52d7/asset_d23ec7a8c1c94683b7054761.png","388469","6e9e0d6c6087bb56291e6dfb95d22f06","2026-03-21T14:02:30.050Z","published/folder_e58ec71fdf0b1339c9c7fe55/asset_b5b41ff873b82b9d5c768bd9.png","not_referenced|published_prefix|older_than_30d|etag_size_duplicate"
"published/folder_0f4831837b53cec8cdfe52d7/asset_d2a9ff7906123c74d9f353e8.png","121204","31f13a63e70f47d4170886a9639c585e","2026-03-21T14:10:18.618Z","published/folder_e58ec71fdf0b1339c9c7fe55/asset_e27901b54270c61217f2f6a0.png","not_referenced|published_prefix|older_than_30d|etag_size_duplicate"
"published/folder_0f4831837b53cec8cdfe52d7/asset_d358855867700200a9539cb6.png","442908","91012ee743c50139a584ee341cac1cfe","2026-03-21T14:31:12.938Z","published/folder_e58ec71fdf0b1339c9c7fe55/asset_e99a93e5a95d200d032ca0b5.png","not_referenced|published_prefix|older_than_30d|etag_size_duplicate"
"published/folder_0f4831837b53cec8cdfe52d7/asset_d37658ecfb99693573838915.png","489488","29c2e4f90ff9268cec0cd3b0110293bd","2026-03-21T14:09:49.134Z","published/folder_e58ec71fdf0b1339c9c7fe55/asset_56566d8b3fea67b8960f69aa.png","not_referenced|published_prefix|older_than_30d|etag_size_duplicate"
"published/folder_0f4831837b53cec8cdfe52d7/asset_d4011851d0835e98d90a9356.png","506652","64f40c32e6fbae71858ad0f091469ffe","2026-03-21T14:14:04.704Z","published/folder_e58ec71fdf0b1339c9c7fe55/asset_f1d00ff0842a605054838a9d.png","not_referenced|published_prefix|older_than_30d|etag_size_duplicate"
"published/folder_0f4831837b53cec8cdfe52d7/asset_d430a5d69ec884fc80fb36ac.png","273341","055bddccb6fa17298d6c13dd7d155789","2026-03-21T14:12:26.086Z","published/folder_e58ec71fdf0b1339c9c7fe55/asset_88489e31b39eaef40474e1b2.png","not_referenced|published_prefix|older_than_30d|etag_size_duplicate"
"published/folder_0f4831837b53cec8cdfe52d7/asset_d46fe27f044b2e4c7275cd70.png","100226","c8c998da3a9f2e170676332cf09d9432","2026-03-21T14:44:53.465Z","published/folder_e58ec71fdf0b1339c9c7fe55/asset_167c607af266eb9c1ac7fd7e.png","not_referenced|published_prefix|older_than_30d|etag_size_duplicate"
"published/folder_0f4831837b53cec8cdfe52d7/asset_d5b0b5cbc182241b9d27817e.png","288767","44a8175903a7bae2e688ed65bfea9526","2026-03-21T14:11:35.318Z","published/folder_e58ec71fdf0b1339c9c7fe55/asset_5cfa5294d76e67be1d64d2ab.png","not_referenced|published_prefix|older_than_30d|etag_size_duplicate"
"published/folder_0f4831837b53cec8cdfe52d7/asset_d5b2d9f5c130fdfbfbfbec28.png","282127","6f3d74a5099ddc0a5104a2361a57086f","2026-03-21T14:02:54.464Z","published/folder_e58ec71fdf0b1339c9c7fe55/asset_574da0a3233a101c942fd1e0.png","not_referenced|published_prefix|older_than_30d|etag_size_duplicate"
"published/folder_0f4831837b53cec8cdfe52d7/asset_d5b5f6c4408c43a38b4647fa.png","234119","0b254531888aa9ad250ed9d3bf9e933e","2026-03-21T13:50:10.180Z","published/folder_e58ec71fdf0b1339c9c7fe55/asset_b566a3efb6f870747f14967f.png","not_referenced|published_prefix|older_than_30d|etag_size_duplicate"
"published/folder_0f4831837b53cec8cdfe52d7/asset_d5c0939c05f96723efee27c6.png","185619","2b78b81cf33a10782b564c0d68efe568","2026-03-21T13:53:09.505Z","published/folder_e58ec71fdf0b1339c9c7fe55/asset_d12b09ffb9c75b09b13825de.png","not_referenced|published_prefix|older_than_30d|etag_size_duplicate"
"published/folder_0f4831837b53cec8cdfe52d7/asset_d5f8c0eb21a8f4b4a9aaddb1.png","748055","604543e1df5e7c42f9e5b2597be95fce","2026-03-21T14:32:35.997Z","published/folder_e58ec71fdf0b1339c9c7fe55/asset_676b780b9d28bb47b632729c.png","not_referenced|published_prefix|older_than_30d|etag_size_duplicate"
"published/folder_0f4831837b53cec8cdfe52d7/asset_d64efff440a24f8e5e99500c.png","661852","50c789e2154eb5badcd84a1ef4375cab","2026-03-21T14:12:03.130Z","published/folder_e58ec71fdf0b1339c9c7fe55/asset_9a1819536642060e27ebf732.png","not_referenced|published_prefix|older_than_30d|etag_size_duplicate"
"published/folder_0f4831837b53cec8cdfe52d7/asset_d68866518719665f6cbd4a78.png","307335","c8ad567e5b6883b807a9e4dbe57d60c6","2026-03-21T14:44:49.893Z","published/folder_e58ec71fdf0b1339c9c7fe55/asset_22aa926a0910fe69e4301e6a.png","not_referenced|published_prefix|older_than_30d|etag_size_duplicate"
"published/folder_0f4831837b53cec8cdfe52d7/asset_d68e3f7e23dd40f5abed4be5.png","584802","a95717cc2f9aeb017cc2108c5fa52b5c","2026-03-21T14:38:17.992Z","published/folder_e58ec71fdf0b1339c9c7fe55/asset_212b96c5cf706be31cb876e7.png","not_referenced|published_prefix|older_than_30d|etag_size_duplicate"
"published/folder_0f4831837b53cec8cdfe52d7/asset_d7163da5be845e179b7af8be.png","334363","60838cee4cb6f1fce4097f14cd760208","2026-03-21T14:29:54.495Z","published/folder_e58ec71fdf0b1339c9c7fe55/asset_6ae6844317703f8f9601c252.png","not_referenced|published_prefix|older_than_30d|etag_size_duplicate"
"published/folder_0f4831837b53cec8cdfe52d7/asset_d7aef86dc3d6ee19cdd4b440.png","233939","b850516c3cc3552d155914fd8ce69f08","2026-03-21T14:42:25.819Z","published/folder_e58ec71fdf0b1339c9c7fe55/asset_a46448e3deaf359416e97608.png","not_referenced|published_prefix|older_than_30d|etag_size_duplicate"
"published/folder_0f4831837b53cec8cdfe52d7/asset_d9505b660b72abf044c8305f.png","327970","3d1b6332a758e57f09bbf15c9c453d01","2026-03-21T13:56:01.709Z","published/folder_e58ec71fdf0b1339c9c7fe55/asset_8207ffd046a90aafd276be4a.png","not_referenced|published_prefix|older_than_30d|etag_size_duplicate"
"published/folder_0f4831837b53cec8cdfe52d7/asset_d984732ef41ee4042d1bc374.png","596854","03810e8305ea42b78f1c613e8056c9a0","2026-03-21T14:26:19.317Z","published/folder_e58ec71fdf0b1339c9c7fe55/asset_d79c6fb50bde0e00b9cf4ea4.png","not_referenced|published_prefix|older_than_30d|etag_size_duplicate"
"published/folder_0f4831837b53cec8cdfe52d7/asset_d9f3579c2c9f8d53ae88734a.png","80685","58f1dec905945529aa30cdebbec700c2","2026-03-21T14:12:50.045Z","published/folder_e58ec71fdf0b1339c9c7fe55/asset_9a96e804c7e276b2ffaf4649.png","not_referenced|published_prefix|older_than_30d|etag_size_duplicate"
"published/folder_0f4831837b53cec8cdfe52d7/asset_d9fea924dabc3efcae478fff.png","246170","643b2038e480044b6e3508436f161952","2026-03-21T14:22:51.340Z","published/folder_e58ec71fdf0b1339c9c7fe55/asset_d32dc146f4f277dbf0cf99ee.png","not_referenced|published_prefix|older_than_30d|etag_size_duplicate"
"published/folder_0f4831837b53cec8cdfe52d7/asset_daaf7ed51fb6805210286e31.png","1579004","c1bc822c6a50f17f04dc9bdf2513707c","2026-03-21T14:43:42.031Z","published/folder_e58ec71fdf0b1339c9c7fe55/asset_4a27e8f95640467a053ab90d.png","not_referenced|published_prefix|older_than_30d|etag_size_duplicate"
"published/folder_0f4831837b53cec8cdfe52d7/asset_db325ad73c6bd404e5132c81.png","298734","0271042db597dd9e341863032580efc9","2026-03-21T14:31:51.897Z","published/folder_e58ec71fdf0b1339c9c7fe55/asset_890f582a052dc816a16f998e.png","not_referenced|published_prefix|older_than_30d|etag_size_duplicate"
"published/folder_0f4831837b53cec8cdfe52d7/asset_dc62aa7342e9684477c7f5f3.png","1394330","48ef8391e67c5bab3b057b06928b1b16","2026-03-21T14:11:50.533Z","published/folder_e58ec71fdf0b1339c9c7fe55/asset_e061461c79f67736108fb14f.png","not_referenced|published_prefix|older_than_30d|etag_size_duplicate"
"published/folder_0f4831837b53cec8cdfe52d7/asset_dc866ea2b1da703f987d0b86.png","313718","20b7ce13a74d01d88f9f20ed2cdcc5cb","2026-03-21T14:09:10.288Z","published/folder_e58ec71fdf0b1339c9c7fe55/asset_ed8e22446b2c2f53ba3fd30b.png","not_referenced|published_prefix|older_than_30d|etag_size_duplicate"
"published/folder_0f4831837b53cec8cdfe52d7/asset_dcb32c3729a748e697fba804.png","294985","82bbbaa3a8bc469fa61c634a4eda34d1","2026-03-21T14:16:01.652Z","published/folder_e58ec71fdf0b1339c9c7fe55/asset_330271d4f1f0847a234cf195.png","not_referenced|published_prefix|older_than_30d|etag_size_duplicate"
"published/folder_0f4831837b53cec8cdfe52d7/asset_dd8e1c047c89c3873b24f4eb.png","445649","1ec60d02e2fad58b65feff9b3ce9e577","2026-03-21T13:52:21.983Z","published/folder_e58ec71fdf0b1339c9c7fe55/asset_23210e1c293d9c51f7c8f90e.png","not_referenced|published_prefix|older_than_30d|etag_size_duplicate"
"published/folder_0f4831837b53cec8cdfe52d7/asset_ddc499c559a37a03508be192.png","554879","529a4917b1000096b6a8ac4a4f345335","2026-03-21T14:21:13.081Z","published/folder_e58ec71fdf0b1339c9c7fe55/asset_6cf93e28aef70c739bccefbf.png","not_referenced|published_prefix|older_than_30d|etag_size_duplicate"
"published/folder_0f4831837b53cec8cdfe52d7/asset_de07f57ba8d24296d5be9860.png","183718","7bfa94b9876755b43364863fef5394ba","2026-03-21T14:03:28.377Z","published/folder_e58ec71fdf0b1339c9c7fe55/asset_a49042acdeb70e11cdf11c11.png","not_referenced|published_prefix|older_than_30d|etag_size_duplicate"
"published/folder_0f4831837b53cec8cdfe52d7/asset_de3bb266e0aefaa23ec6dbfb.png","2760690","5aa72a705fee57fd57bb48fe469deaad","2026-03-21T13:59:59.649Z","published/folder_e58ec71fdf0b1339c9c7fe55/asset_fe31ab512c99a832f84b1532.png","not_referenced|published_prefix|older_than_30d|etag_size_duplicate"
"published/folder_0f4831837b53cec8cdfe52d7/asset_de6a8522cbfb55e4e12290bf.png","397656","1775a2fdf40cac197fc26eb3c7806cf1","2026-03-21T14:25:38.143Z","published/folder_e58ec71fdf0b1339c9c7fe55/asset_3191642d1ffcd967858c7a9e.png","not_referenced|published_prefix|older_than_30d|etag_size_duplicate"
"published/folder_0f4831837b53cec8cdfe52d7/asset_de7b8793340177de4f76e8a9.png","686993","a772381904e267374b86a05352d8b8e3","2026-03-21T14:38:25.176Z","published/folder_e58ec71fdf0b1339c9c7fe55/asset_6e6ca7c801c18347514db19b.png","not_referenced|published_prefix|older_than_30d|etag_size_duplicate"
"published/folder_0f4831837b53cec8cdfe52d7/asset_dea4e6fc6807514928858bc6.png","363372","66a5ac3bea3b0bbe6a48868948401e56","2026-03-21T14:14:17.771Z","published/folder_e58ec71fdf0b1339c9c7fe55/asset_3ae0c3a3980fbba0b1080512.png","not_referenced|published_prefix|older_than_30d|etag_size_duplicate"
"published/folder_0f4831837b53cec8cdfe52d7/asset_def6bb4ee1190d37c7ee7d4c.png","431138","4a37cb492800b46e736d3afc94c9c45b","2026-03-21T13:58:37.766Z","published/folder_e58ec71fdf0b1339c9c7fe55/asset_08e12d6acc5d37f324045ebd.png","not_referenced|published_prefix|older_than_30d|etag_size_duplicate"
"published/folder_0f4831837b53cec8cdfe52d7/asset_dfa3bf935740418a611382e3.png","503198","527072f6ad4c30f152d49123651b8f2e","2026-03-21T14:32:14.205Z","published/folder_e58ec71fdf0b1339c9c7fe55/asset_936213353e31035e581310b6.png","not_referenced|published_prefix|older_than_30d|etag_size_duplicate"
"published/folder_0f4831837b53cec8cdfe52d7/asset_dffd3312225c88f0b67173e5.png","576723","95d648ff2a40788be004fe160394218f","2026-03-21T14:18:46.499Z","published/folder_e58ec71fdf0b1339c9c7fe55/asset_9e0ce59a3126fef0f9ec959f.png","not_referenced|published_prefix|older_than_30d|etag_size_duplicate"
"published/folder_0f4831837b53cec8cdfe52d7/asset_e011ff4dfd073311c23ae651.png","62589","a548b9193de1f588ea3ae462a2d91d8a","2026-03-21T14:37:56.155Z","published/folder_e58ec71fdf0b1339c9c7fe55/asset_d294c0850294442d2aea1ca0.png","not_referenced|published_prefix|older_than_30d|etag_size_duplicate"
"published/folder_0f4831837b53cec8cdfe52d7/asset_e0a2fe14fd32dbb3f4d2b52d.png","343547","a1b54d84a3aad40e633711502977abc8","2026-03-21T14:36:45.182Z","published/folder_e58ec71fdf0b1339c9c7fe55/asset_8176b984d196fa3aa17ff6a8.png","not_referenced|published_prefix|older_than_30d|etag_size_duplicate"
"published/folder_0f4831837b53cec8cdfe52d7/asset_e1191d5cc91ac6effd066ed7.png","540230","7328c2b260b12b80fd6739509974cda8","2026-03-21T14:27:11.636Z","published/folder_e58ec71fdf0b1339c9c7fe55/asset_60073588e752a88de6473378.png","not_referenced|published_prefix|older_than_30d|etag_size_duplicate"
"published/folder_0f4831837b53cec8cdfe52d7/asset_e13771b1d6bfffb33a6c331c.png","719962","9d83fab04699566c0f21a2218b32dd72","2026-03-21T14:07:27.799Z","published/folder_e58ec71fdf0b1339c9c7fe55/asset_f666492de14e06e946a10edc.png","not_referenced|published_prefix|older_than_30d|etag_size_duplicate"
"published/folder_0f4831837b53cec8cdfe52d7/asset_e1fc7120451a753fa45a8a98.png","144332","be1fa9f92ee342aaebfc7fc9558f51f5","2026-03-21T14:43:04.245Z","published/folder_e58ec71fdf0b1339c9c7fe55/asset_158e7c4d82e283d6a954b917.png","not_referenced|published_prefix|older_than_30d|etag_size_duplicate"
"published/folder_0f4831837b53cec8cdfe52d7/asset_e2696a0275f32ba55550f2b8.png","1111068","aa0e80611b636c5d5de56cb9eddf5518","2026-03-21T14:38:32.962Z","published/folder_e58ec71fdf0b1339c9c7fe55/asset_51068fc37b772463ca8bdfd3.png","not_referenced|published_prefix|older_than_30d|etag_size_duplicate"
"published/folder_0f4831837b53cec8cdfe52d7/asset_e2905caeb64f651c09e8bb21.png","656724","0ea5bfddb808f0d59727830d553f6249","2026-03-21T13:51:07.334Z","published/folder_e58ec71fdf0b1339c9c7fe55/asset_771e2374cca98554455f40b2.png","not_referenced|published_prefix|older_than_30d|etag_size_duplicate"
"published/folder_0f4831837b53cec8cdfe52d7/asset_e3d19f591bd4a5e0d6f8c1c9.png","58898","b8f4753dcf69fee7cac2e45d20b4cb52","2026-03-21T14:41:04.305Z","published/folder_e58ec71fdf0b1339c9c7fe55/asset_898c68125dcc963a5167c407.png","not_referenced|published_prefix|older_than_30d|etag_size_duplicate"
"published/folder_0f4831837b53cec8cdfe52d7/asset_e596cfe4a05a58f33c5c8f5b.png","587470","7ed1a1e70b0753d5d129d1f2343ca826","2026-03-21T14:04:46.329Z","published/folder_e58ec71fdf0b1339c9c7fe55/asset_5d1229f2924b73131648c594.png","not_referenced|published_prefix|older_than_30d|etag_size_duplicate"
"published/folder_0f4831837b53cec8cdfe52d7/asset_e5f453e3348e0b5a96a0ffb3.png","171120","b213af9d58c85784ff1d9b1a4cb5bdc3","2026-03-21T14:41:42.358Z","published/folder_e58ec71fdf0b1339c9c7fe55/asset_001fa6eba258bb5e5c0cd181.png","not_referenced|published_prefix|older_than_30d|etag_size_duplicate"
"published/folder_0f4831837b53cec8cdfe52d7/asset_e63e013cce2f786f8bb8307a.png","231194","03569ea9279d0047eb1cd0580cfd1448","2026-03-21T14:26:13.579Z","published/folder_e58ec71fdf0b1339c9c7fe55/asset_cfe4efc686c5e14fa6bdde9c.png","not_referenced|published_prefix|older_than_30d|etag_size_duplicate"
"published/folder_0f4831837b53cec8cdfe52d7/asset_e6643ab64568bf89dcbcac2d.png","259927","6062984c2e949f4a53b9ec5483ce8841","2026-03-21T14:33:47.826Z","published/folder_e58ec71fdf0b1339c9c7fe55/asset_2ff46f445ce17116f74ece02.png","not_referenced|published_prefix|older_than_30d|etag_size_duplicate"
"published/folder_0f4831837b53cec8cdfe52d7/asset_e7149712b6af3ba22dc07973.png","798180","283b6ee24e313c15b027eb9a28aeadcb","2026-03-21T14:20:08.722Z","published/folder_e58ec71fdf0b1339c9c7fe55/asset_4e602da52a86fbbe07ced8e8.png","not_referenced|published_prefix|older_than_30d|etag_size_duplicate"
"published/folder_0f4831837b53cec8cdfe52d7/asset_e71f18ee08035faf8341bf69.png","71565","3deff517a5eb26ad640771f66cf569e4","2026-03-21T13:56:28.296Z","published/folder_e58ec71fdf0b1339c9c7fe55/asset_ea85558204017f4edb5dcb48.png","not_referenced|published_prefix|older_than_30d|etag_size_duplicate"
"published/folder_0f4831837b53cec8cdfe52d7/asset_e7a803deed327bc45c33142a.png","761972","00421596e9ad790933073dadf180c98b","2026-03-21T14:32:05.402Z","published/folder_e58ec71fdf0b1339c9c7fe55/asset_061d5b2207d1f2753fc8db30.png","not_referenced|published_prefix|older_than_30d|etag_size_duplicate"
"published/folder_0f4831837b53cec8cdfe52d7/asset_e81295e0d17446554535fd73.png","337615","2d8cfda49a7a066451b06b2dce424194","2026-03-21T13:54:05.350Z","published/folder_e58ec71fdf0b1339c9c7fe55/asset_ec736b5e7f6615fc59cf28bf.png","not_referenced|published_prefix|older_than_30d|etag_size_duplicate"
"published/folder_0f4831837b53cec8cdfe52d7/asset_e831b69c1f8e9b471359ed5a.png","556677","8f0ae90e49d9f0f4a930db31b1d270e2","2026-03-21T14:06:17.157Z","published/folder_e58ec71fdf0b1339c9c7fe55/asset_fa22c189cae92083f52a1da6.png","not_referenced|published_prefix|older_than_30d|etag_size_duplicate"
"published/folder_0f4831837b53cec8cdfe52d7/asset_e85290a0b65ebda8448385a3.png","410141","1904b16d83016715ba152991ba6e76f2","2026-03-21T14:25:47.459Z","published/folder_e58ec71fdf0b1339c9c7fe55/asset_4e1d52827550e1bf0799b70e.png","not_referenced|published_prefix|older_than_30d|etag_size_duplicate"
"published/folder_0f4831837b53cec8cdfe52d7/asset_e94a7b9913cce34364d55592.png","529139","a94f8d18c4d38b5d24cfe67504fef6f1","2026-03-21T14:37:36.905Z","published/folder_e58ec71fdf0b1339c9c7fe55/asset_621e42d0e9dcb3ea847bcbe9.png","not_referenced|published_prefix|older_than_30d|etag_size_duplicate"
"published/folder_0f4831837b53cec8cdfe52d7/asset_e99a6e3ecef85b22d1acef5a.png","509543","2f88831602b79c1c3a217857874adbff","2026-03-21T13:54:52.960Z","published/folder_e58ec71fdf0b1339c9c7fe55/asset_72206a46a57a39999e6d3f00.png","not_referenced|published_prefix|older_than_30d|etag_size_duplicate"
"published/folder_0f4831837b53cec8cdfe52d7/asset_ea47640170cc88b94be18686.png","2847695","71eede0c33aab20d1b77ab68e8593834","2026-03-21T14:15:20.061Z","published/folder_e58ec71fdf0b1339c9c7fe55/asset_b35dbe5425441caae2d3da00.png","not_referenced|published_prefix|older_than_30d|etag_size_duplicate"
"published/folder_0f4831837b53cec8cdfe52d7/asset_ea6706f516cf376e59825462.png","2638293","7fbcf28cc061dd507b796b79f2688e86","2026-03-21T14:04:58.399Z","published/folder_e58ec71fdf0b1339c9c7fe55/asset_de1b40f47f27a3b5530fed1f.png","not_referenced|published_prefix|older_than_30d|etag_size_duplicate"
"published/folder_0f4831837b53cec8cdfe52d7/asset_ea7827c9d8f606efc48d16f7.png","515361","a8b1e7197be4dc4baa5c28cd9b5f15e1","2026-03-21T14:37:22.718Z","published/folder_e58ec71fdf0b1339c9c7fe55/asset_4531bc2a8ed7d49fa773c1fd.png","not_referenced|published_prefix|older_than_30d|etag_size_duplicate"
"published/folder_0f4831837b53cec8cdfe52d7/asset_eaf44098f26420f4a13f8395.png","256288","84c16ff4f63529e563f985482562b209","2026-03-21T14:16:20.726Z","published/folder_e58ec71fdf0b1339c9c7fe55/asset_7ac947d37dde9ae4b732686f.png","not_referenced|published_prefix|older_than_30d|etag_size_duplicate"
"published/folder_0f4831837b53cec8cdfe52d7/asset_eaf814e4be614d56509ed4b5.png","753757","01f1f5f0cc3938ceb5a9bff5cc81d37d","2026-03-21T13:52:42.682Z","published/folder_e58ec71fdf0b1339c9c7fe55/asset_43ef2483a70e09d42d78ce82.png","not_referenced|published_prefix|older_than_30d|etag_size_duplicate"
"published/folder_0f4831837b53cec8cdfe52d7/asset_eb4a52df7bb1add82cf8162b.png","326000","7a1ea7c12787868334850db7b735c2e1","2026-03-21T14:02:59.327Z","published/folder_e58ec71fdf0b1339c9c7fe55/asset_4e28896d3a631fe744d022f3.png","not_referenced|published_prefix|older_than_30d|etag_size_duplicate"
"published/folder_0f4831837b53cec8cdfe52d7/asset_ec553d429cdd9ee31531c9cc.png","413548","3203742809712491b07d76620390da23","2026-03-21T14:36:23.065Z","published/folder_e58ec71fdf0b1339c9c7fe55/asset_47a73f9e66a87dfa36fefcf6.png","not_referenced|published_prefix|older_than_30d|etag_size_duplicate"
"published/folder_0f4831837b53cec8cdfe52d7/asset_ed56997bb4f0c009837d30c3.png","434436","b607b7ff00880de332ef36125749a0c2","2026-03-21T14:41:47.810Z","published/folder_e58ec71fdf0b1339c9c7fe55/asset_ddafbb44a3f5d188b8e00f1e.png","not_referenced|published_prefix|older_than_30d|etag_size_duplicate"
"published/folder_0f4831837b53cec8cdfe52d7/asset_eea8ce478e5046315a9e60aa.png","481496","8c138d188c85979a612593c5f46bf39b","2026-03-21T14:05:42.455Z","published/folder_e58ec71fdf0b1339c9c7fe55/asset_3d088cc644137b9f4b1a6b73.png","not_referenced|published_prefix|older_than_30d|etag_size_duplicate"
"published/folder_0f4831837b53cec8cdfe52d7/asset_eee1d3d79be8b96c1108ef1d.png","458088","88888d5149f70bafa1797491e88f16c3","2026-03-21T14:31:07.640Z","published/folder_e58ec71fdf0b1339c9c7fe55/asset_35c550395e18f3bafd76556b.png","not_referenced|published_prefix|older_than_30d|etag_size_duplicate"
"published/folder_0f4831837b53cec8cdfe52d7/asset_ef3d4294572021839cce99d3.png","585529","64cbfda8ae492508599ff3d00002ccc8","2026-03-21T14:13:54.558Z","published/folder_e58ec71fdf0b1339c9c7fe55/asset_ad48cd37faef3904c9237490.png","not_referenced|published_prefix|older_than_30d|etag_size_duplicate"
"published/folder_0f4831837b53cec8cdfe52d7/asset_efa8e000411c6f0b777fcc29.png","700929","4ed364d99b7d8139ac8eec752a2691e0","2026-03-21T13:59:39.409Z","published/folder_e58ec71fdf0b1339c9c7fe55/asset_537b6032f4cfacdc3abfeddf.png","not_referenced|published_prefix|older_than_30d|etag_size_duplicate"
"published/folder_0f4831837b53cec8cdfe52d7/asset_f02b52d34df71c79499dfc46.png","1269439","807e4246b256faac114e668bb6ef3ebd","2026-03-21T14:24:03.623Z","published/folder_e58ec71fdf0b1339c9c7fe55/asset_e080eaf294de8c64b3f71ac6.png","not_referenced|published_prefix|older_than_30d|etag_size_duplicate"
"published/folder_0f4831837b53cec8cdfe52d7/asset_f03c5c578e88ed06989aacb9.png","170871","9b5d04f619eb9c4c0fb5bee9f4c9dee5","2026-03-21T14:06:52.496Z","published/folder_e58ec71fdf0b1339c9c7fe55/asset_7e9e92567b240128894c60a6.png","not_referenced|published_prefix|older_than_30d|etag_size_duplicate"
"published/folder_0f4831837b53cec8cdfe52d7/asset_f048aad9d5e8d0b13121f179.png","496749","5dc8463789a7855e69cd943dd5d9040d","2026-03-21T14:00:44.989Z","published/folder_e58ec71fdf0b1339c9c7fe55/asset_a21d139908f1f93de9cb97e0.png","not_referenced|published_prefix|older_than_30d|etag_size_duplicate"
"published/folder_0f4831837b53cec8cdfe52d7/asset_f197c921e798a3d57f10d6bf.png","360434","0ffaf333951c8a2c6f4da743433e8c7b","2026-03-21T13:51:20.023Z","published/folder_e58ec71fdf0b1339c9c7fe55/asset_dda6d16dfd1b210a26ae6ab6.png","not_referenced|published_prefix|older_than_30d|etag_size_duplicate"
"published/folder_0f4831837b53cec8cdfe52d7/asset_f2469c6f82032d5e4d355442.png","563602","9e8375257a3647a90d91af66926dab7b","2026-03-21T14:07:42.511Z","published/folder_e58ec71fdf0b1339c9c7fe55/asset_aa198025cb50cb08b2651d12.png","not_referenced|published_prefix|older_than_30d|etag_size_duplicate"
"published/folder_0f4831837b53cec8cdfe52d7/asset_f2cbd79f5c7abb3a568b5db8.png","1158628","4db199d984f81427efb43182e038d0c4","2026-03-21T13:59:24.632Z","published/folder_e58ec71fdf0b1339c9c7fe55/asset_fd554323b47d426a5825520d.png","not_referenced|published_prefix|older_than_30d|etag_size_duplicate"
"published/folder_0f4831837b53cec8cdfe52d7/asset_f3cedc89fe7389b76c05be64.png","1111373","0f9670fdc7d16648c8aba5588a733e4e","2026-03-21T13:51:14.582Z","published/folder_e58ec71fdf0b1339c9c7fe55/asset_c4faa8982b90a6145c738a86.png","not_referenced|published_prefix|older_than_30d|etag_size_duplicate"
"published/folder_0f4831837b53cec8cdfe52d7/asset_f40339bd3eeecfbba9747f89.png","205679","3e7a9aed1c9c2b003026112dbb85a5ec","2026-03-21T13:56:32.414Z","published/folder_e58ec71fdf0b1339c9c7fe55/asset_5300c2149eaa3f560f757540.png","not_referenced|published_prefix|older_than_30d|etag_size_duplicate"
"published/folder_0f4831837b53cec8cdfe52d7/asset_f44902f9d1098468e5a70c55.png","63485","07cce95596ef9eb38be41d4d0d204ebe","2026-03-21T14:04:01.167Z","published/folder_e58ec71fdf0b1339c9c7fe55/asset_f602c6dae6031ac023fa6439.png","not_referenced|published_prefix|older_than_30d|etag_size_duplicate"
"published/folder_0f4831837b53cec8cdfe52d7/asset_f462494a75f433594c368936.png","88191","9ff82f17a081288bbb8e76f55b5268b1","2026-03-21T14:08:03.911Z","published/folder_e58ec71fdf0b1339c9c7fe55/asset_365491e4c492fadc92f98ab5.png","not_referenced|published_prefix|older_than_30d|etag_size_duplicate"
"published/folder_0f4831837b53cec8cdfe52d7/asset_f464a8e95c5da03ce6a7422b.png","138631","3aa4a02f3218675521d526b308e872c3","2026-03-21T13:55:25.433Z","published/folder_e58ec71fdf0b1339c9c7fe55/asset_e150bfe3335184ece089dd6e.png","not_referenced|published_prefix|older_than_30d|etag_size_duplicate"
"published/folder_0f4831837b53cec8cdfe52d7/asset_f491f3d7077cd55c49a32af6.png","585646","2e21154002d0029c0c9ae7cf876c35c7","2026-03-21T13:54:27.292Z","published/folder_e58ec71fdf0b1339c9c7fe55/asset_7c426d73547a22f3fc0a268c.png","not_referenced|published_prefix|older_than_30d|etag_size_duplicate"
"published/folder_0f4831837b53cec8cdfe52d7/asset_f4c1d89ce81947f0691f28f9.png","1013273","8552125d005e823fbbdb05430cfdc62e","2026-03-21T14:33:57.664Z","published/folder_e58ec71fdf0b1339c9c7fe55/asset_db409e97b97dceebb482e84e.png","not_referenced|published_prefix|older_than_30d|etag_size_duplicate"
"published/folder_0f4831837b53cec8cdfe52d7/asset_f4dd908168fc6af09a72485e.png","393550","beccb4fa57cbc5fdf033c1485061f033","2026-03-21T14:43:13.519Z","published/folder_e58ec71fdf0b1339c9c7fe55/asset_17d3224245d4350c790c5447.png","not_referenced|published_prefix|older_than_30d|etag_size_duplicate"
"published/folder_0f4831837b53cec8cdfe52d7/asset_f57d56a1c2e77a6e5f609106.png","786334","60cd8656610e21e747213296c11e4961","2026-03-21T14:13:06.620Z","published/folder_e58ec71fdf0b1339c9c7fe55/asset_9b2cda7f323509f0712a1d92.png","not_referenced|published_prefix|older_than_30d|etag_size_duplicate"
"published/folder_0f4831837b53cec8cdfe52d7/asset_f5c7f2e50be56917479615c5.png","364814","aa5d2cda40f1a2848aab0e6a7117a664","2026-03-21T14:38:39.404Z","published/folder_e58ec71fdf0b1339c9c7fe55/asset_a56613f27a592eba19d0abf2.png","not_referenced|published_prefix|older_than_30d|etag_size_duplicate"
"published/folder_0f4831837b53cec8cdfe52d7/asset_f5daf5b756f1cddec28b065d.png","726556","1c8fa3bb99f71d7bb6ff675b8a37df9b","2026-03-21T13:51:51.305Z","published/folder_e58ec71fdf0b1339c9c7fe55/asset_d2cf0c8aeb9a6b0d15688213.png","not_referenced|published_prefix|older_than_30d|etag_size_duplicate"
"published/folder_0f4831837b53cec8cdfe52d7/asset_f5f4b5acf37238e1e0c98943.png","177704","3dd6db6f97d91f9a8c70ea8191acf8e2","2026-03-21T13:56:10.822Z","published/folder_e58ec71fdf0b1339c9c7fe55/asset_a4c8f67cd144b6abcb26b0a0.png","not_referenced|published_prefix|older_than_30d|etag_size_duplicate"
"published/folder_0f4831837b53cec8cdfe52d7/asset_f66a65d63f0c3cf7cd84f019.png","260757","87cefd39fa04048758dc6952d588e55d","2026-03-21T14:16:46.261Z","published/folder_e58ec71fdf0b1339c9c7fe55/asset_81896c0bcd774eaeafac39ea.png","not_referenced|published_prefix|older_than_30d|etag_size_duplicate"
"published/folder_0f4831837b53cec8cdfe52d7/asset_f67321ded6056b03a9e49830.png","365850","4a0a1d5c30c1a6857ea8c7b9bae15f93","2026-03-21T13:58:27.531Z","published/folder_e58ec71fdf0b1339c9c7fe55/asset_864f8b56aad0e7e72a6b29bd.png","not_referenced|published_prefix|older_than_30d|etag_size_duplicate"
"published/folder_0f4831837b53cec8cdfe52d7/asset_f6ab29f7481590a951c1f59f.png","381971","13ffe21ab6a191c15b70cddd2e2b969f","2026-03-21T14:08:27.488Z","published/folder_e58ec71fdf0b1339c9c7fe55/asset_5202444327b7f96dca2d90cc.png","not_referenced|published_prefix|older_than_30d|etag_size_duplicate"
"published/folder_0f4831837b53cec8cdfe52d7/asset_f7026265f01834896b015d56.png","25839","46965f924fcbb1c8824771140fdb25bb","2026-03-21T14:29:13.120Z","published/folder_e58ec71fdf0b1339c9c7fe55/asset_aa55330e106fd95f30c6f505.png","not_referenced|published_prefix|older_than_30d|etag_size_duplicate"
"published/folder_0f4831837b53cec8cdfe52d7/asset_f74f2c984ee1ddb5a7200047.png","300877","8ae3d18f5a595fa78ec6989698441d63","2026-03-21T14:05:05.693Z","published/folder_e58ec71fdf0b1339c9c7fe55/asset_154c69fa1bbc3258119ad892.png","not_referenced|published_prefix|older_than_30d|etag_size_duplicate"
"published/folder_0f4831837b53cec8cdfe52d7/asset_f8b4ac7f078c755e24daea12.png","262499","18ec70b48b354245e5daed595ab8724e","2026-03-21T14:08:54.120Z","published/folder_e58ec71fdf0b1339c9c7fe55/asset_6173a7e05695731108c59715.png","not_referenced|published_prefix|older_than_30d|etag_size_duplicate"
"published/folder_0f4831837b53cec8cdfe52d7/asset_f91597e0f511b555ff82e717.png","422490","835d544dfedb0101344191984f1715ed","2026-03-21T14:24:08.365Z","published/folder_e58ec71fdf0b1339c9c7fe55/asset_c261704cafaa9b5ff1346bbd.png","not_referenced|published_prefix|older_than_30d|etag_size_duplicate"
"published/folder_0f4831837b53cec8cdfe52d7/asset_fa41b07688fa562ac4bde314.png","215236","7adc52da39937b83bbb4334b589be6f1","2026-03-21T14:03:07.628Z","published/folder_e58ec71fdf0b1339c9c7fe55/asset_ba6155c6e0ba4d92dd41aee8.png","not_referenced|published_prefix|older_than_30d|etag_size_duplicate"
"published/folder_0f4831837b53cec8cdfe52d7/asset_fa5713d61ac7d19390bb202a.png","208863","498f175f24f764f85819059f3bb8ca79","2026-03-21T14:21:08.530Z","published/folder_e58ec71fdf0b1339c9c7fe55/asset_12e60c6b57e3dbb5aaa5fe4b.png","not_referenced|published_prefix|older_than_30d|etag_size_duplicate"
"published/folder_0f4831837b53cec8cdfe52d7/asset_fabb5cbe38069b52b4283fa0.png","1386693","7728b719d40c401bd341142278121188","2026-03-21T14:27:21.260Z","published/folder_e58ec71fdf0b1339c9c7fe55/asset_b9c753b0dd7efe154d53a38a.png","not_referenced|published_prefix|older_than_30d|etag_size_duplicate"
"published/folder_0f4831837b53cec8cdfe52d7/asset_fad5bc796e8595c4f4f7ff0a.png","3874022","6973d3478a56a5f3671357c035652a95","2026-03-21T14:27:06.452Z","published/folder_e58ec71fdf0b1339c9c7fe55/asset_9e1c425165145c4aff16210d.png","not_referenced|published_prefix|older_than_30d|etag_size_duplicate"
"published/folder_0f4831837b53cec8cdfe52d7/asset_fb0969cdb5d57307b832c893.png","83018","2be8c39a9759d40156eb4bf535da6251","2026-03-21T13:53:22.885Z","published/folder_e58ec71fdf0b1339c9c7fe55/asset_cd8942439d7d5b73dada7ba4.png","not_referenced|published_prefix|older_than_30d|etag_size_duplicate"
"published/folder_0f4831837b53cec8cdfe52d7/asset_fb13597a09d5b4858503a20f.png","486028","6f0f245121674d23e4439c4c3dbf4715","2026-03-21T14:02:49.701Z","published/folder_e58ec71fdf0b1339c9c7fe55/asset_9fb6650935740423282b5b4d.png","not_referenced|published_prefix|older_than_30d|etag_size_duplicate"
"published/folder_0f4831837b53cec8cdfe52d7/asset_fb27f09ebef81b5a379582bc.png","469281","5566ed7140f8d363efc73cf2656ed0c8","2026-03-21T14:26:45.590Z","published/folder_e58ec71fdf0b1339c9c7fe55/asset_db465e51d651278ba3b54204.png","not_referenced|published_prefix|older_than_30d|etag_size_duplicate"
"published/folder_0f4831837b53cec8cdfe52d7/asset_fb918d65fe07cdadcd458afd.png","51942","c5acda2baa0d6e086ad2e9f69165f0bf","2026-03-21T14:44:22.771Z","published/folder_e58ec71fdf0b1339c9c7fe55/asset_62a05e91195cce9d3d44598d.png","not_referenced|published_prefix|older_than_30d|etag_size_duplicate"
"published/folder_0f4831837b53cec8cdfe52d7/asset_fbe863f34607add84dcfbb77.png","513208","9c28e3283fa26a8769d9ce1abd54bd18","2026-03-21T14:07:18.064Z","published/folder_e58ec71fdf0b1339c9c7fe55/asset_a1677bb320bcd5fd370b6f6d.png","not_referenced|published_prefix|older_than_30d|etag_size_duplicate"
"published/folder_0f4831837b53cec8cdfe52d7/asset_fc18b3a0debb7164921ebd03.png","356836","7cd87b6872cad5398ba9d7cc6562eefa","2026-03-21T14:04:05.638Z","published/folder_e58ec71fdf0b1339c9c7fe55/asset_4683e525600dbd23dd28105b.png","not_referenced|published_prefix|older_than_30d|etag_size_duplicate"
"published/folder_0f4831837b53cec8cdfe52d7/asset_fc4af3f49ddaab846e66b87c.png","902111","55624a38fb8758ca2bb1936db0843e8c","2026-03-21T14:29:39.732Z","published/folder_e58ec71fdf0b1339c9c7fe55/asset_37fb81163cff1ceb26a2715f.png","not_referenced|published_prefix|older_than_30d|etag_size_duplicate"
"published/folder_0f4831837b53cec8cdfe52d7/asset_fc917d90d02d3c69b1ab2a5e.png","57385","396e95a7a1fd2013d940358073975434","2026-03-21T14:20:27.301Z","published/folder_e58ec71fdf0b1339c9c7fe55/asset_f7277fb10980712025ebdd6f.png","not_referenced|published_prefix|older_than_30d|etag_size_duplicate"
"published/folder_0f4831837b53cec8cdfe52d7/asset_fcd2f7bd5c9beaec61241666.png","337132","69bc7c99192721a3680e0994b450cb9d","2026-03-21T14:15:02.752Z","published/folder_e58ec71fdf0b1339c9c7fe55/asset_68974358cf46a7dc681c0322.png","not_referenced|published_prefix|older_than_30d|etag_size_duplicate"
"published/folder_0f4831837b53cec8cdfe52d7/asset_fcdb8f0fff3f1a26ce56f83a.png","246257","29d7e64f05f6a6c36d73aa6eafad8000","2026-03-21T14:09:54.877Z","published/folder_e58ec71fdf0b1339c9c7fe55/asset_8bdcc8958864a938de1021b1.png","not_referenced|published_prefix|older_than_30d|etag_size_duplicate"
"published/folder_0f4831837b53cec8cdfe52d7/asset_fce9808d8db3208b45631cc1.png","486833","010222a67bfa3631763010a0b986b305","2026-03-21T14:28:26.891Z","published/folder_e58ec71fdf0b1339c9c7fe55/asset_d0c7768b31f3e079e1813ff8.png","not_referenced|published_prefix|older_than_30d|etag_size_duplicate"
"published/folder_0f4831837b53cec8cdfe52d7/asset_fd05495e31d4cff5c3a4e230.png","428392","94a36a740e25e43dc2715605473b2673","2026-03-21T14:17:30.225Z","published/folder_e58ec71fdf0b1339c9c7fe55/asset_65bb6a626804f994c8e94952.png","not_referenced|published_prefix|older_than_30d|etag_size_duplicate"
"published/folder_0f4831837b53cec8cdfe52d7/asset_fea900fac02e721b113e11da.png","310175","71055d2e6bf5c6698f7ff7f42db389f8","2026-03-21T14:30:21.963Z","published/folder_e58ec71fdf0b1339c9c7fe55/asset_a88d8c013f48d53e1bf20ab1.png","not_referenced|published_prefix|older_than_30d|etag_size_duplicate"
"published/folder_0f4831837b53cec8cdfe52d7/asset_ff09659d420c697f759057a9.png","90206","05bbba503d4882f15ffe285841819bd0","2026-03-21T14:00:18.624Z","published/folder_e58ec71fdf0b1339c9c7fe55/asset_bac2c1f0381438e5ddd32842.png","not_referenced|published_prefix|older_than_30d|etag_size_duplicate"
"published/folder_0f4831837b53cec8cdfe52d7/asset_ff12d6af2ae4748ccd67f2e2.png","343508","9febac2c399912e119320fa8342fd683","2026-03-21T14:07:59.840Z","published/folder_e58ec71fdf0b1339c9c7fe55/asset_a93d6802dfbb47977fcdb6b1.png","not_referenced|published_prefix|older_than_30d|etag_size_duplicate"
"published/folder_0f4831837b53cec8cdfe52d7/asset_ff1b33bc0805654fa76af41b.png","403703","05e973c2414a28a5e121bc97349df458","2026-03-21T14:00:55.439Z","published/folder_e58ec71fdf0b1339c9c7fe55/asset_078a1c0fb7e9d6c82181c326.png","not_referenced|published_prefix|older_than_30d|etag_size_duplicate"
"published/folder_0f4831837b53cec8cdfe52d7/asset_ff415d2961cc38a57937659e.png","802627","5c2a5292651c8952ed960fd36cb3298f","2026-03-21T14:00:24.044Z","published/folder_e58ec71fdf0b1339c9c7fe55/asset_dff6d05fe864c1b236a7b63f.png","not_referenced|published_prefix|older_than_30d|etag_size_duplicate"
"published/folder_0f4831837b53cec8cdfe52d7/asset_ff818883cacf0493648469c8.png","161157","b9b44c3164e1c3dadcf17d1a737597b5","2026-03-21T14:41:09.289Z","published/folder_e58ec71fdf0b1339c9c7fe55/asset_ff5836550d13ca7d11ce840e.png","not_referenced|published_prefix|older_than_30d|etag_size_duplicate"
"published/folder_0f4831837b53cec8cdfe52d7/asset_ff93fde7839b474fbe6791f6.png","96404","6b469f79903f32e1917ff0a34e121fed","2026-03-21T14:01:54.602Z","published/folder_e58ec71fdf0b1339c9c7fe55/asset_76101adc4847529acc67ee79.png","not_referenced|published_prefix|older_than_30d|etag_size_duplicate"
"published/folder_0f4831837b53cec8cdfe52d7/asset_ffbc1cac173369a43712ad93.png","732561","60b7a2cd5027f733fa8e1beb8be6a027","2026-03-21T14:12:55.469Z","published/folder_e58ec71fdf0b1339c9c7fe55/asset_6c342621259b6373a8c2f54f.png","not_referenced|published_prefix|older_than_30d|etag_size_duplicate"
"published/folder_33eb001c4b0b7417223eaa1e/asset_0882104b74e797abe8020716.jpg","65328","7d37cc91c6f18b9788af1cb69dab1721","2026-03-21T13:34:05.238Z","published/folder_87bc4b26eecac2f0b11fb65d/asset_ccb70cbdd1aebff595516a65.jpg","not_referenced|published_prefix|older_than_30d|etag_size_duplicate"
"published/folder_33eb001c4b0b7417223eaa1e/asset_1b6c65974ea51a35767e3352.png","89733","a540236c5dc797c6ebea07d77fe1a509","2026-03-21T13:35:10.041Z","published/folder_87bc4b26eecac2f0b11fb65d/asset_7091d3c1e6dccd39150bdb5f.png","not_referenced|published_prefix|older_than_30d|etag_size_duplicate"
"published/folder_33eb001c4b0b7417223eaa1e/asset_1b994dd09656561ee25f88ac.png","79686","d8d2729307074c86e5a4da94f01ccdfe","2026-03-21T13:35:37.258Z","published/folder_87bc4b26eecac2f0b11fb65d/asset_f704550c6071844cf78fd7b2.png","not_referenced|published_prefix|older_than_30d|etag_size_duplicate"
"published/folder_33eb001c4b0b7417223eaa1e/asset_27a1f072f8121b129b7ceef7.gif","48416","802a42706485320a2fd1676a28e7cc86","2026-03-21T13:34:41.076Z","published/folder_87bc4b26eecac2f0b11fb65d/asset_63f84fc5c03fc2d54d28c5a4.gif","not_referenced|published_prefix|older_than_30d|etag_size_duplicate"
"published/folder_33eb001c4b0b7417223eaa1e/asset_2e3de148da5ee2db40eaf956.jpg","79801","68448a7eccd0e2cb8c77b660e52b999e","2026-03-21T13:34:49.917Z","published/folder_87bc4b26eecac2f0b11fb65d/asset_d2b9c297d65cff71452714db.jpg","not_referenced|published_prefix|older_than_30d|etag_size_duplicate"
"published/folder_33eb001c4b0b7417223eaa1e/asset_587d7d09d532c6f3a2ea62ab.gif","83694","43180cbf80096aeb2c1defb7ec17809b","2026-03-21T13:34:44.627Z","published/folder_87bc4b26eecac2f0b11fb65d/asset_fffe8d17d09edf8d6344d0b4.gif","not_referenced|published_prefix|older_than_30d|etag_size_duplicate"
"published/folder_33eb001c4b0b7417223eaa1e/asset_5cdfbb15230b444a56bc89fc.gif","51273","b231a1867784b8be08f10957956b3cee","2026-03-21T13:35:21.467Z","published/folder_87bc4b26eecac2f0b11fb65d/asset_6ac1a3c22fd1874198258ba6.gif","not_referenced|published_prefix|older_than_30d|etag_size_duplicate"
"published/folder_33eb001c4b0b7417223eaa1e/asset_63ad419d8f3be8e955ea8af5.jpg","59802","99b2841a09e1cb3c04a8a392650585ba","2026-03-21T13:34:33.428Z","published/folder_87bc4b26eecac2f0b11fb65d/asset_4784250f09d6437a3b5a29ac.jpg","not_referenced|published_prefix|older_than_30d|etag_size_duplicate"
"published/folder_33eb001c4b0b7417223eaa1e/asset_7387b3311e12bb379319ad8d.jpg","54375","c90364358b7e2246162aa5da75d626ef","2026-03-21T13:35:28.752Z","published/folder_87bc4b26eecac2f0b11fb65d/asset_39099a72bd64d45d55791fb3.jpg","not_referenced|published_prefix|older_than_30d|etag_size_duplicate"
"published/folder_33eb001c4b0b7417223eaa1e/asset_7714a8cdb3cd50753a7a4a1d.png","59399","122d200164c2be4a5de961de2ec14ab3","2026-03-21T13:34:37.757Z","published/folder_87bc4b26eecac2f0b11fb65d/asset_83eac901cb90bdc3b25a8983.png","not_referenced|published_prefix|older_than_30d|etag_size_duplicate"
"published/folder_33eb001c4b0b7417223eaa1e/asset_7dd3449a324370c233d32830.png","47360","74379cd14a47ac7c6c45826f5bec2737","2026-03-21T13:34:54.190Z","published/folder_87bc4b26eecac2f0b11fb65d/asset_4d4b937cdae637be80124ccf.png","not_referenced|published_prefix|older_than_30d|etag_size_duplicate"
"published/folder_33eb001c4b0b7417223eaa1e/asset_904fbe74c3d4638bbf0cf02c.gif","51670","8b3de97dd07c4d1184074a554873e431","2026-03-21T13:34:10.469Z","published/folder_87bc4b26eecac2f0b11fb65d/asset_11d6ce7a26e6f0be866ba51c.gif","not_referenced|published_prefix|older_than_30d|etag_size_duplicate"
"published/folder_33eb001c4b0b7417223eaa1e/asset_bbb4a9744ba1c6de789df593.jpg","121699","16f6c551452469ca1ccebc4a1b3247a0","2026-03-21T13:34:15.234Z","published/folder_87bc4b26eecac2f0b11fb65d/asset_6c80ff8fac455db487f11fe4.jpg","not_referenced|published_prefix|older_than_30d|etag_size_duplicate"
"published/folder_33eb001c4b0b7417223eaa1e/asset_bd18f05ac9512e06a11fc67a.jpg","77095","a78117fa29fa4bdfe58f5b6ab79e7db6","2026-03-21T13:35:05.832Z","published/folder_87bc4b26eecac2f0b11fb65d/asset_408ebe7831c0d547bbecc2f6.jpg","not_referenced|published_prefix|older_than_30d|etag_size_duplicate"
"published/folder_33eb001c4b0b7417223eaa1e/asset_c27eef01e17ce240c95c70fc.gif","71944","b0716050e32f6a71255479979a050cd9","2026-03-21T13:35:25.469Z","published/folder_87bc4b26eecac2f0b11fb65d/asset_4df561772de6adeb9e629f7a.gif","not_referenced|published_prefix|older_than_30d|etag_size_duplicate"
"published/folder_33eb001c4b0b7417223eaa1e/asset_c72d4464cd9cbd3adea4ec45.gif","64348","912355238f576f9931d44d75a62ae628","2026-03-21T13:34:58.240Z","published/folder_87bc4b26eecac2f0b11fb65d/asset_22329fb2510cecb77b2bdc71.gif","not_referenced|published_prefix|older_than_30d|etag_size_duplicate"
"published/folder_33eb001c4b0b7417223eaa1e/asset_ccc8dfbac0be7b6185442791.jpg","66619","59eeb995855e1080e59cfec6e37e5717","2026-03-21T13:34:29.666Z","published/folder_87bc4b26eecac2f0b11fb65d/asset_71e29fd335fd2db0481bf2fd.jpg","not_referenced|published_prefix|older_than_30d|etag_size_duplicate"
"published/folder_33eb001c4b0b7417223eaa1e/asset_cd80f69c166ab2e897c2cc3d.gif","52072","46e8ede19d6abe661640b68ca2f22fd1","2026-03-21T13:34:25.113Z","published/folder_87bc4b26eecac2f0b11fb65d/asset_cf99438297f37328d760508f.gif","not_referenced|published_prefix|older_than_30d|etag_size_duplicate"
"published/folder_33eb001c4b0b7417223eaa1e/asset_d356c1bb75c8141788dc7d04.png","76020","ad1cbe21fb4c1cc92b483170c5a2dda6","2026-03-21T13:35:14.385Z","published/folder_87bc4b26eecac2f0b11fb65d/asset_a90f3352ab5616c22225d5c6.png","not_referenced|published_prefix|older_than_30d|etag_size_duplicate"
"published/folder_33eb001c4b0b7417223eaa1e/asset_d89da95c56652d8972bc5a30.png","115855","cdcc4f2ee006cf5ea4f4f543aac1d57a","2026-03-21T13:35:32.876Z","published/folder_87bc4b26eecac2f0b11fb65d/asset_279591d012ad24ba0147ba26.png","not_referenced|published_prefix|older_than_30d|etag_size_duplicate"
"published/folder_33eb001c4b0b7417223eaa1e/asset_e34be1740c80620ac01942e5.jpg","67222","30b899282b21395b548edb4ae22ff777","2026-03-21T13:34:19.422Z","published/folder_87bc4b26eecac2f0b11fb65d/asset_4b6d588cf9e585baf3bb466a.jpg","not_referenced|published_prefix|older_than_30d|etag_size_duplicate"
"published/folder_674d090d2ff5cb70953583c7/asset_04773a011b976b91274f28ca.gif","50426","e9be1ce54777ab6daa1ce35065aac2f8","2026-03-21T13:40:43.654Z","published/folder_8c9f13f65e457bfaf630e3b8/asset_bae66676e73609549be0ce71.gif","not_referenced|published_prefix|older_than_30d|etag_size_duplicate"
"published/folder_674d090d2ff5cb70953583c7/asset_053fe8e6c25388d4abe6bd3c.gif","59160","54ff9493967eee9f71a51282931d1d4b","2026-03-21T13:40:07.003Z","published/folder_8c9f13f65e457bfaf630e3b8/asset_386aec5d5ccd170fcf22c774.gif","not_referenced|published_prefix|older_than_30d|etag_size_duplicate"
"published/folder_674d090d2ff5cb70953583c7/asset_087145211f61562632d1fc23.gif","64644","2aeeb6be362a6941121c8d48cf2f131e","2026-03-21T13:40:59.634Z","published/folder_8c9f13f65e457bfaf630e3b8/asset_511c223c0a756ce69033aa54.gif","not_referenced|published_prefix|older_than_30d|etag_size_duplicate"
"published/folder_674d090d2ff5cb70953583c7/asset_0ba6fa249bdbed87c1ff2e31.gif","63802","41eafebb6cc5e42319ec4257d846320c","2026-03-21T13:39:52.421Z","published/folder_8c9f13f65e457bfaf630e3b8/asset_e52c701fda15bc146180e53d.gif","not_referenced|published_prefix|older_than_30d|etag_size_duplicate"
"published/folder_674d090d2ff5cb70953583c7/asset_0c4a1d6202ec03f5ec2fd8a9.gif","35811","4320a389a7aa55de8b4d812c73000beb","2026-03-21T13:40:20.187Z","published/folder_8c9f13f65e457bfaf630e3b8/asset_87d738de0ca9cbe49d6961d0.gif","not_referenced|published_prefix|older_than_30d|etag_size_duplicate"
"published/folder_674d090d2ff5cb70953583c7/asset_10251fa66b3fa3222fa4bbd0.gif","48286","d17ea07ab12a7f4be6272b982b3c563b","2026-03-21T13:41:07.338Z","published/folder_8c9f13f65e457bfaf630e3b8/asset_1eaf7d08c90f71373345e7ee.gif","not_referenced|published_prefix|older_than_30d|etag_size_duplicate"
"published/folder_674d090d2ff5cb70953583c7/asset_16da7866c8e0f02071be604a.gif","94224","cddc042a85eed36abca1017d901629b0","2026-03-21T13:41:16.413Z","published/folder_8c9f13f65e457bfaf630e3b8/asset_4137107a7f25f78e52d54029.gif","not_referenced|published_prefix|older_than_30d|etag_size_duplicate"
"published/folder_674d090d2ff5cb70953583c7/asset_1cfa0f3a6d00e1a4a6cdf556.gif","36189","eb22e819e425f3c3ccefd7f77fbfc138","2026-03-21T13:39:30.390Z","published/folder_8c9f13f65e457bfaf630e3b8/asset_bdc4834502ca7fd6a7568710.gif","not_referenced|published_prefix|older_than_30d|etag_size_duplicate"
"published/folder_674d090d2ff5cb70953583c7/asset_1d4a7b8264257721e3f24bd7.gif","89535","f62ad50a402de182245cc4828967f76d","2026-03-21T13:40:00.177Z","published/folder_8c9f13f65e457bfaf630e3b8/asset_4ae4c858923f86e9d9053335.gif","not_referenced|published_prefix|older_than_30d|etag_size_duplicate"
"published/folder_674d090d2ff5cb70953583c7/asset_1f8b2bc97dcbdcfde7312e07.gif","65991","b549d51b9b8f10a5804d5994c23dfed5","2026-03-21T13:40:31.304Z","published/folder_8c9f13f65e457bfaf630e3b8/asset_4466cc2e4c5ab986e442ae1a.gif","not_referenced|published_prefix|older_than_30d|etag_size_duplicate"
"published/folder_674d090d2ff5cb70953583c7/asset_26f85706eed9e8ca7cc78b4c.gif","54690","179e4341accde38f32153419536c2ff6","2026-03-21T13:40:10.783Z","published/folder_8c9f13f65e457bfaf630e3b8/asset_0ee6bb3629e6db612ba310ea.gif","not_referenced|published_prefix|older_than_30d|etag_size_duplicate"
"published/folder_674d090d2ff5cb70953583c7/asset_30e2347f246629819cefec15.gif","48780","bf875a9478fc42c723a618c44e99bd0a","2026-03-21T13:40:35.081Z","published/folder_8c9f13f65e457bfaf630e3b8/asset_cc76ef09b4f786834eea2601.gif","not_referenced|published_prefix|older_than_30d|etag_size_duplicate"
"published/folder_674d090d2ff5cb70953583c7/asset_32dfefc2ac446cbd323deba9.gif","64166","8a7a102b65d4590d3a5b8c3cfa7f4bf4","2026-03-21T13:39:49.095Z","published/folder_8c9f13f65e457bfaf630e3b8/asset_e31a1a87ff03d64b244f4f9a.gif","not_referenced|published_prefix|older_than_30d|etag_size_duplicate"
"published/folder_674d090d2ff5cb70953583c7/asset_3b3a117036b3e362a79ded77.gif","58530","3fcb43709712c933d57a334b3403e448","2026-03-21T13:41:29.462Z","published/folder_8c9f13f65e457bfaf630e3b8/asset_f94a634c8b1a1ca4ba047022.gif","not_referenced|published_prefix|older_than_30d|etag_size_duplicate"
"published/folder_674d090d2ff5cb70953583c7/asset_43a2160354707417c1ae4b82.gif","48876","f9879d323f00f90d0ad2af12dc737355","2026-03-21T13:40:47.483Z","published/folder_8c9f13f65e457bfaf630e3b8/asset_e044d7967b500dffafaaf745.gif","not_referenced|published_prefix|older_than_30d|etag_size_duplicate"
"published/folder_674d090d2ff5cb70953583c7/asset_476dc792a1635ac05a976f8e.gif","69060","f2121e9d4896daa76ecd9ca5d748c460","2026-03-21T13:40:54.572Z","published/folder_8c9f13f65e457bfaf630e3b8/asset_911b7e482265a686f4bd8547.gif","not_referenced|published_prefix|older_than_30d|etag_size_duplicate"
"published/folder_674d090d2ff5cb70953583c7/asset_4e0ebaa17a7d512bf5bb2fbb.gif","38421","a17d4d1b3b6d7680de5a9993f5ddf900","2026-03-21T13:40:27.078Z","published/folder_8c9f13f65e457bfaf630e3b8/asset_5f3eedc81d6a99abe942611f.gif","not_referenced|published_prefix|older_than_30d|etag_size_duplicate"
"published/folder_674d090d2ff5cb70953583c7/asset_4f04d68dbd29855e722083ad.gif","44560","4acb6ac5dc74734a03f9abafdc428d88","2026-03-21T13:39:34.119Z","published/folder_8c9f13f65e457bfaf630e3b8/asset_27db2a506f4fe262910bbda4.gif","not_referenced|published_prefix|older_than_30d|etag_size_duplicate"
"published/folder_674d090d2ff5cb70953583c7/asset_52dd5923d0094faf5a7f89aa.gif","61750","d0d4120fe0abacbb7fa7854b1e0fb37a","2026-03-21T13:40:39.502Z","published/folder_8c9f13f65e457bfaf630e3b8/asset_a690722e4475d80772104492.gif","not_referenced|published_prefix|older_than_30d|etag_size_duplicate"
"published/folder_674d090d2ff5cb70953583c7/asset_5f04e85c6dff9061743f4ee9.gif","60102","6c49fbac9e552ac43cff359c609d6fd7","2026-03-21T13:39:41.688Z","published/folder_8c9f13f65e457bfaf630e3b8/asset_a89f83cc74f77e22e3f705f1.gif","not_referenced|published_prefix|older_than_30d|etag_size_duplicate"
"published/folder_674d090d2ff5cb70953583c7/asset_7fd8e21f3678e22a96691e3e.gif","30514","9c96a186578304ae6c0f2f46d0a21c54","2026-03-21T13:40:50.793Z","published/folder_8c9f13f65e457bfaf630e3b8/asset_dd8bd89fd024e6d894726198.gif","not_referenced|published_prefix|older_than_30d|etag_size_duplicate"
"published/folder_674d090d2ff5cb70953583c7/asset_99b89b7ce74892fbb4cf1f25.gif","83730","8857e12c2049e2e2d18efd65d506e345","2026-03-21T13:40:23.958Z","published/folder_8c9f13f65e457bfaf630e3b8/asset_5d8def9b7cabefd311095057.gif","not_referenced|published_prefix|older_than_30d|etag_size_duplicate"
"published/folder_674d090d2ff5cb70953583c7/asset_9b58294f63ab318f198f45e4.gif","51972","f0a6d3713f4fb70583b20f0e9f5d6aee","2026-03-21T13:41:03.638Z","published/folder_8c9f13f65e457bfaf630e3b8/asset_4be2c1383a59beea96200de8.gif","not_referenced|published_prefix|older_than_30d|etag_size_duplicate"
"published/folder_674d090d2ff5cb70953583c7/asset_b799a92ec664a5cbaa81ba1a.gif","26666","487b6a1300ce562be76c0ad1ec441fd9","2026-03-21T13:40:15.105Z","published/folder_8c9f13f65e457bfaf630e3b8/asset_0e11f35c174cf10dbe860b12.gif","not_referenced|published_prefix|older_than_30d|etag_size_duplicate"
"published/folder_674d090d2ff5cb70953583c7/asset_c356a6e487726bff29080cbb.gif","55226","41aea79cf11ed84bfdeb5d1a4d56fc5d","2026-03-21T13:41:10.910Z","published/folder_8c9f13f65e457bfaf630e3b8/asset_8f6cd5ea1de7d7a527e56a22.gif","not_referenced|published_prefix|older_than_30d|etag_size_duplicate"
"published/folder_674d090d2ff5cb70953583c7/asset_cf0b3441d60ddf9a27b9fba8.gif","55983","5a83d498a8bfa81b0608255a01be0aee","2026-03-21T13:41:25.094Z","published/folder_8c9f13f65e457bfaf630e3b8/asset_4c62e423a1041bf6f753a176.gif","not_referenced|published_prefix|older_than_30d|etag_size_duplicate"
"published/folder_674d090d2ff5cb70953583c7/asset_e0b01fbeb7375b095c3814e2.gif","51386","fc9f438bca2bdfcb1974d8513c073b2e","2026-03-21T13:39:37.458Z","published/folder_8c9f13f65e457bfaf630e3b8/asset_1e899b954309897f5aa04483.gif","not_referenced|published_prefix|older_than_30d|etag_size_duplicate"
"published/folder_674d090d2ff5cb70953583c7/asset_e98ef74e681d4f1182c82450.gif","40062","38ce4542700e242a9d9c17774a154abb","2026-03-21T13:39:55.646Z","published/folder_8c9f13f65e457bfaf630e3b8/asset_cd7c0119b33b0551cc291255.gif","not_referenced|published_prefix|older_than_30d|etag_size_duplicate"
"published/folder_674d090d2ff5cb70953583c7/asset_eee6a573953f9a59c8e97462.gif","59598","3c856d31114e012c363f9f72eb47a4a5","2026-03-21T13:39:45.274Z","published/folder_8c9f13f65e457bfaf630e3b8/asset_f7f935d4c3ac94e349fd6624.gif","not_referenced|published_prefix|older_than_30d|etag_size_duplicate"
"published/folder_674d090d2ff5cb70953583c7/asset_f5a334e75b44a230b0e39541.gif","55580","a0194bcc8ea6998dd11feb34cef7cee4","2026-03-21T13:41:21.179Z","published/folder_8c9f13f65e457bfaf630e3b8/asset_60050802f8897cf1ae92bf55.gif","not_referenced|published_prefix|older_than_30d|etag_size_duplicate"
